2-norm-min-adv-dist;2-norm-PGD-dist;2-norm-sec-att-dist;2-norm-Clever-0.0-samples
0.0;0.0;0.0;0.0
0.0;0.0;0.0;0.0
0.0;0.0;0.0;0.0
0.0;0.0;0.0;0.0
0.0;0.0;0.0;0.0
0.0;0.0;0.0;0.0
0.0;0.0;0.0;0.0
0.0;0.0;0.0;0.0
0.0;0.0;0.0;0.0
0.0;0.0;0.0;0.0
0.0;0.0;0.0;0.0
0.0;0.0;0.0;0.0
0.0;0.0;0.0;0.0
0.0;0.0;0.0;0.0
0.0;0.0;0.0;0.0
0.0;0.0;0.0;0.0
0.0;0.0;0.0;0.0
0.0;0.0;0.0;0.0
0.0;0.0;0.0;0.0
0.0;0.0;0.0;0.0
0.0;0.0;0.0;0.0
0.0;0.0;0.0;0.0
0.0;0.0;0.0;0.0
0.0;0.0;0.0;0.0
0.0;0.0;0.0;0.0
0.0;0.0;0.0;0.0
0.0;0.0;0.0;0.0
0.0;0.0;0.0;0.0
0.0;0.0;0.0;0.0
0.0;0.0;0.0;0.0
0.0;0.0;0.0;0.0
0.0;0.0;0.0;0.0
0.0;0.0;0.0;0.0
0.0;0.0;0.0;0.0
0.0;0.0;0.0;0.0
0.0;0.0;0.0;0.0
0.0;0.0;0.0;0.0
0.0;0.0;0.0;0.0
0.0;0.0;0.0;0.0
0.0;0.0;0.0;0.0
0.0;0.0;0.0;0.0
0.0;0.0;0.0;0.0
0.0;0.0;0.0;0.0
0.0;0.0;0.0;0.0
0.0;0.0;0.0;0.0
0.0;0.0;0.0;0.0
0.0;0.0;0.0;0.0
0.0;0.0;0.0;0.0
0.0;0.0;0.0;0.0
0.0;0.0;0.0;0.0
0.0;0.0;0.0;0.0
0.0;0.0;0.0;0.0
0.0;0.0;0.0;0.0
0.0;0.0;0.0;0.0
0.0;0.0;0.0;0.0
0.0;0.0;0.0;0.0
0.0;0.0;0.0;0.0
0.0;0.0;0.0;0.0
0.0;0.0;0.0;0.0
0.0;0.0;0.0;0.0
0.0;0.0;0.0;0.0
0.0;0.0;0.0;0.0
0.0;0.0;0.0;0.0
0.0;0.0;0.0;0.0
0.0;0.0;0.0;0.0
0.0;0.0;0.0;0.0
0.0;0.0;0.0;0.0
0.0;0.0;0.0;0.0
0.0;0.0;0.0;0.0
0.0;0.0;0.0;0.0
0.0;0.0;0.0;0.0
0.0;0.0;0.0;0.0
0.0;0.0;0.0;0.0
0.0;0.0;0.0;0.0
0.0;0.0;0.0;0.0
0.0;0.0;0.0;0.0
0.0;0.0;0.0;0.0
0.0;0.0;0.0;0.0
0.0;0.0;0.0;0.0
0.0;0.0;0.0;0.0
0.0;0.0;0.0;0.0
0.0;0.0;0.0;0.0
0.0;0.0;0.0;0.0
0.0;0.0;0.0;0.0
0.0;0.0;0.0;0.0
0.0;0.0;0.0;0.0
0.0;0.0;0.0;0.0
0.0;0.0;0.0;0.0
0.0;0.0;0.0;0.0
0.0;0.0;0.0;0.0
0.0;0.0;0.0;0.0
0.0;0.0;0.0;0.0
0.0;0.0;0.0;0.0
0.0;0.0;0.0;0.0
0.0;0.0;0.0;0.0
0.0;0.0;0.0;0.0
0.0;0.0;0.0;0.0
0.0;0.0;0.0;0.0
0.0;0.0;0.0;0.0
0.0;0.0;0.0;0.0
0.0;0.0;0.0;0.0
0.009968969039618969;0.009968969039618969;0.10763849318027496;0.0
0.009979807771742344;0.009979807771742344;0.06402475386857986;0.0
0.009991559199988842;0.009991559199988842;0.058357324451208115;0.0
0.009999589994549751;0.009999589994549751;0.10341112315654755;0.0
0.009999999776482582;0.009999999776482582;0.0858977884054184;0.0
0.010000007227063179;0.010000007227063179;0.08107789605855942;0.0
0.010000011883676052;0.010000011883676052;0.09428209811449051;0.0
0.017053736373782158;0.017053736373782158;0.06735309958457947;0.0
0.017070917412638664;0.017070917412638664;0.0949619859457016;0.0
0.017165817320346832;0.017165817320346832;0.08989552408456802;0.0
0.017261454835534096;0.017261454835534096;0.07357819378376007;0.0
0.01727181300520897;0.01727181300520897;0.06705725193023682;0.0
0.017282836139202118;0.017282836139202118;0.11387372761964798;0.0
0.024328770115971565;0.024328770115971565;0.1098330169916153;0.0
0.02436557412147522;0.02436557412147522;0.08020059764385223;0.0
0.024487705901265144;0.024487705901265144;0.21682743728160858;0.0
0.031439799815416336;0.031439799815416336;0.1103072315454483;0.0
0.031462643295526505;0.031462643295526505;0.07414241880178452;0.0
0.03151833266019821;0.03151833266019821;0.07089933007955551;0.0
0.03152427449822426;0.03152427449822426;0.13235090672969818;0.0
0.03157508000731468;0.03157508000731468;0.1851368546485901;0.0
0.034545958042144775;0.034545958042144775;0.17234548926353455;0.0
0.038434144109487534;0.038434144109487534;0.09043745696544647;0.0
0.043286774307489395;0.043286774307489395;0.1345830112695694;0.0
0.04473426565527916;0.04473426565527916;0.11452524363994598;0.0
0.045430369675159454;0.045430369675159454;0.08215751498937607;0.0
0.04558636248111725;0.04558636248111725;0.17751815915107727;0.0
0.04569179564714432;0.04569179564714432;0.07460307329893112;0.0
0.0498826764523983;0.0498826764523983;0.28308114409446716;0.0
0.05170990154147148;0.05170990154147148;0.20306488871574402;0.0
0.05221480503678322;0.05221480503678322;0.13292177021503448;0.0
0.05237767472863197;0.05237767472863197;0.13122215867042542;0.0
0.052425678819417953;0.052425678819417953;0.15474212169647217;0.0
0.05728449299931526;0.05728449299931526;0.15982206165790558;0.0
0.058896105736494064;0.058896105736494064;0.20419058203697205;0.0
0.05930859223008156;0.05930859223008156;0.17292295396327972;0.0
0.05931618809700012;0.05931618809700012;0.16343924403190613;0.0
0.059476010501384735;0.059476010501384735;0.1743832379579544;0.0
0.05952752009034157;0.05952752009034157;0.20023296773433685;0.0
0.059634916484355927;0.059634916484355927;0.17740365862846375;0.0
0.063240647315979;0.063240647315979;0.20869983732700348;0.0
0.0650833323597908;0.0650833323597908;0.14184986054897308;0.0
0.06554150581359863;0.06554150581359863;0.1439686268568039;0.0
0.06647278368473053;0.06647278368473053;0.20838375389575958;0.0
0.06648783385753632;0.06648783385753632;0.16071034967899323;0.0
0.06690498441457748;0.06690498441457748;0.24571281671524048;0.0
0.07156088948249817;0.07156088948249817;0.15196329355239868;0.0
0.07231457531452179;0.07231457531452179;0.1406966596841812;0.0
0.072860948741436;0.072860948741436;0.1960439383983612;0.0
0.0729791596531868;0.0729791596531868;0.1302454024553299;0.0
0.07304035127162933;0.07304035127162933;0.15046201646327972;0.0
0.0730477049946785;0.0730477049946785;0.1253976672887802;0.0
0.07351202517747879;0.07351202517747879;0.1821557879447937;0.0
0.0738547220826149;0.0738547220826149;0.2078143209218979;0.0
0.079187773168087;0.079187773168087;0.19456423819065094;0.0
0.07958342880010605;0.07958342880010605;0.16843165457248688;0.0
0.07961079478263855;0.07961079478263855;0.12976080179214478;0.0
0.07963681221008301;0.07963681221008301;0.12688831984996796;0.0
0.07973205298185349;0.07973205298185349;0.22207240760326385;0.0
0.07986496388912201;0.07986496388912201;0.1582571268081665;0.0
0.07998131215572357;0.07998131215572357;0.14600087702274323;0.0
0.08022791892290115;0.08022791892290115;0.18031272292137146;0.0
0.08060120046138763;0.08060120046138763;0.14766763150691986;0.0
0.08060756325721741;0.08060756325721741;0.16531333327293396;0.0
0.08631160110235214;0.08631160110235214;0.1737697273492813;0.0
0.08716966211795807;0.08716966211795807;0.1779334396123886;0.0
0.0872766375541687;0.0872766375541687;0.17476867139339447;0.0
0.08730107545852661;0.08730107545852661;0.19188028573989868;0.0
0.08751561492681503;0.08751561492681503;0.20158828794956207;0.0
0.09221287071704865;0.09221287071704865;0.15681806206703186;0.0
0.09259175509214401;0.09259175509214401;0.1712612509727478;0.0
0.09260443598031998;0.09260443598031998;0.17121008038520813;0.0
0.09311995655298233;0.09311995655298233;0.1733161211013794;0.0
0.09435900300741196;0.09435900300741196;0.14116963744163513;0.0
0.09635474532842636;0.09635474532842636;0.1970270872116089;0.0
0.09654261916875839;0.09654261916875839;0.19314169883728027;0.0
0.09771543741226196;0.09771543741226196;0.23208482563495636;0.0
0.09833560883998871;0.09833560883998871;0.17638005316257477;0.0
0.09889527410268784;0.09889527410268784;0.15885327756404877;0.0
0.0998513400554657;0.0998513400554657;0.19538187980651855;0.0
0.10107510536909103;0.10107510536909103;0.14180856943130493;0.0
0.10151302814483643;0.10151302814483643;0.232432559132576;0.0
0.10435936599969864;0.10435936599969864;0.19943948090076447;0.0
0.10554762184619904;0.10554762184619904;0.25781288743019104;0.0
0.10637753456830978;0.10637753456830978;1.1448713541030884;0.0
0.10638211667537689;0.10638211667537689;0.1842251569032669;0.0
0.10727446526288986;0.10727446526288986;0.19299298524856567;0.0
0.10760394483804703;0.10760394483804703;0.14558780193328857;0.0
0.10818998515605927;0.10818998515605927;0.19389042258262634;0.0
0.10944671183824539;0.10944671183824539;0.19790492951869965;0.0
0.11195556074380875;0.11195556074380875;0.2554790675640106;0.0
0.11203424632549286;0.11203424632549286;0.19343090057373047;0.0
0.11280166357755661;0.11280166357755661;0.47146520018577576;0.0
0.1131090447306633;0.1131090447306633;0.19755494594573975;0.0
0.11471068859100342;0.11471068859100342;0.2815008759498596;0.0
0.11572349071502686;0.11572349071502686;0.2536987066268921;0.0
0.11842544376850128;0.11842544376850128;0.22926492989063263;0.0
0.11969328671693802;0.11969328671693802;0.22123569250106812;0.0
0.12059396505355835;0.12059396505355835;0.27375051379203796;0.0
0.121998630464077;0.121998630464077;0.1926167905330658;0.0
0.12486112117767334;0.12486112117767334;0.33393993973731995;0.0
0.12532581388950348;0.12532581388950348;0.17898082733154297;0.0
0.12566359341144562;0.12566359341144562;0.2255333811044693;0.0
0.1268252581357956;0.1268252581357956;0.1963505744934082;0.0
0.127106174826622;0.127106174826622;0.2873741090297699;0.0
0.12834575772285461;0.12834575772285461;0.26507410407066345;0.0
0.12912370264530182;0.19172653555870056;0.12912370264530182;0.0
0.13108712434768677;0.13108712434768677;0.20591354370117188;0.0
0.13230809569358826;0.13230809569358826;0.4514908790588379;0.0
0.13467009365558624;0.13467009365558624;0.2248355597257614;0.0
0.13486559689044952;0.13486559689044952;0.18233859539031982;0.0
0.1369217187166214;0.1369217187166214;0.2936042845249176;0.0
0.138036847114563;0.138036847114563;0.18873819708824158;0.0
0.13855966925621033;0.13855966925621033;0.24379605054855347;0.0
0.13975898921489716;0.13975898921489716;0.27367958426475525;0.0
0.1399010717868805;0.1399010717868805;0.2590045928955078;0.0
0.1405905932188034;0.1405905932188034;0.29983511567115784;0.0
0.14076612889766693;0.14076612889766693;0.4759569764137268;0.0
0.1442939192056656;0.1442939192056656;0.5903239250183105;0.0
0.14526352286338806;0.14526352286338806;0.49620863795280457;0.0
0.14561647176742554;0.14561647176742554;0.21530179679393768;0.0
0.14610588550567627;0.14610588550567627;0.2899217903614044;0.0
0.1463308185338974;0.1463308185338974;0.2675289809703827;0.0
0.14703772962093353;0.14703772962093353;0.3205159902572632;0.0
0.14820559322834015;0.14820559322834015;0.41583341360092163;0.0
0.1485780030488968;0.1485780030488968;0.3424610197544098;0.0
0.14867934584617615;0.14867934584617615;0.39118319749832153;0.0
0.1493007391691208;0.1493007391691208;0.6052469611167908;0.0
0.1495945006608963;0.1495945006608963;0.48584073781967163;0.0
0.1508772373199463;0.1508772373199463;0.28725355863571167;0.0
0.15337054431438446;0.15337054431438446;0.3040652573108673;0.0
0.15369893610477448;0.15369893610477448;0.24899694323539734;0.0
0.1541580855846405;0.1541580855846405;0.2843441963195801;0.0
0.15520089864730835;0.15520089864730835;0.2585245370864868;0.0
0.1568765640258789;0.1568765640258789;0.22825987637043;0.0
0.16009333729743958;0.16009333729743958;0.26165252923965454;0.0
0.16134870052337646;0.16134870052337646;0.2934272587299347;0.0
0.1618986576795578;0.1618986576795578;0.3692556619644165;0.0
0.16216188669204712;0.16216188669204712;0.28745946288108826;0.0
0.16232627630233765;0.16232627630233765;0.33483967185020447;0.0
0.1626683920621872;0.1626683920621872;0.610493540763855;0.0
0.16298037767410278;0.16298037767410278;0.5955536365509033;0.0
0.16377227008342743;0.16377227008342743;0.23765325546264648;0.0
0.16456051170825958;0.4618973135948181;0.16456051170825958;0.0
0.16471102833747864;0.16471102833747864;0.23829391598701477;0.0
0.16480350494384766;0.16480350494384766;0.31991812586784363;0.0
0.16504636406898499;0.16504636406898499;0.26707589626312256;0.0
0.1654266119003296;0.1654266119003296;0.19379401206970215;0.0
0.16598935425281525;0.16598935425281525;0.27441707253456116;0.0
0.16705290973186493;0.16705290973186493;0.37257570028305054;0.0
0.167215496301651;0.167215496301651;0.22454185783863068;0.0
0.16726844012737274;0.16726844012737274;0.2998608648777008;0.0
0.16771923005580902;0.16771923005580902;0.19259610772132874;0.0
0.16820894181728363;0.16820894181728363;0.27326151728630066;0.0
0.16863524913787842;0.16863524913787842;0.4864530861377716;0.0
0.1732988953590393;0.1732988953590393;0.2425638735294342;0.0
0.1752086877822876;0.1752086877822876;0.30040135979652405;0.0
0.17569981515407562;0.17569981515407562;0.7893416285514832;0.0
0.1763773113489151;0.1763773113489151;0.2851785123348236;0.0
0.1764320582151413;0.1764320582151413;0.29204416275024414;0.0
0.17803557217121124;0.17803557217121124;0.4194428026676178;0.0
0.17843413352966309;0.17843413352966309;0.7650450468063354;0.0
0.18003852665424347;0.18003852665424347;0.3654458224773407;0.0
0.18521344661712646;0.18521344661712646;0.35982179641723633;0.0
0.18541847169399261;0.18541847169399261;0.28017544746398926;0.0
0.18642540276050568;0.18642540276050568;0.432282418012619;0.0
0.1899787336587906;0.1899787336587906;0.491055428981781;0.0
0.19274920225143433;0.19274920225143433;0.356456458568573;0.0
0.19292832911014557;0.19292832911014557;0.3401087820529938;0.0
0.1941659152507782;0.1941659152507782;0.7064290642738342;0.0
0.19445888698101044;0.19445888698101044;0.4609264135360718;0.0
0.1952703446149826;0.1952703446149826;0.4589018225669861;0.0
0.19847586750984192;0.19847586750984192;0.3441099524497986;0.0
0.199666365981102;0.199666365981102;0.4790191054344177;0.0
0.19981394708156586;0.19981394708156586;0.26576244831085205;0.0
0.20289897918701172;0.20289897918701172;0.28449538350105286;0.0
0.2038206309080124;0.2038206309080124;0.5042816400527954;0.0
0.2041633129119873;0.2041633129119873;0.4291960895061493;0.0
0.20432089269161224;0.2939739525318146;0.20432089269161224;0.0
0.204830601811409;0.204830601811409;0.40704479813575745;0.0
0.2048763930797577;0.2048763930797577;0.3470287024974823;0.0
0.20540130138397217;0.20540130138397217;0.32228323817253113;0.0
0.20566806197166443;0.20566806197166443;0.30265378952026367;0.0
0.20900560915470123;0.20900560915470123;0.346596360206604;0.0
0.2093159258365631;0.2093159258365631;0.3674890995025635;0.0
0.2104729861021042;0.2104729861021042;0.3718743920326233;0.0
0.2124655544757843;0.2124655544757843;0.5401021838188171;0.0
0.2129799872636795;0.2129799872636795;0.5099681615829468;0.0
0.21586918830871582;0.21586918830871582;0.845929741859436;0.0
0.21624018251895905;0.21624018251895905;0.26449865102767944;0.0
0.21666871011257172;0.21666871011257172;0.45354053378105164;0.0
0.21768155694007874;0.21768155694007874;0.4186590313911438;0.0
0.21939703822135925;0.21939703822135925;0.345887690782547;0.0
0.2201528400182724;0.2201528400182724;0.3838036358356476;0.0
0.22082959115505219;0.22082959115505219;0.6290085911750793;0.0
0.2218511998653412;0.2218511998653412;0.42283618450164795;0.0
0.22228650748729706;0.22228650748729706;0.3549133539199829;0.0
0.22304297983646393;0.22304297983646393;0.46220627427101135;0.0
0.22340165078639984;0.22340165078639984;0.4327569603919983;0.0
0.2236214578151703;0.2236214578151703;0.35756850242614746;0.0
0.22437915205955505;0.22437915205955505;0.361552894115448;0.0
0.22522616386413574;0.250405490398407;0.22522616386413574;0.0
0.22627443075180054;0.22627443075180054;0.40764084458351135;0.0
0.22781378030776978;0.22781378030776978;0.44341203570365906;0.0
0.22833456099033356;0.22833456099033356;0.7078574895858765;0.0
0.2290191799402237;0.2290191799402237;0.25467032194137573;0.0
0.22947534918785095;0.22947534918785095;0.2776751220226288;0.0
0.22951547801494598;0.22951547801494598;0.4264026880264282;0.0
0.22976376116275787;0.22976376116275787;0.3843774199485779;0.0
0.22981144487857819;0.22981144487857819;0.35211890935897827;0.0
0.23040081560611725;0.23040081560611725;0.3763398230075836;0.0
0.23056837916374207;0.23056837916374207;0.9453519582748413;0.0
0.23072059452533722;0.23072059452533722;0.3582485616207123;0.0
0.23643134534358978;0.23643134534358978;0.7874449491500854;0.0
0.2364426851272583;0.2364426851272583;0.539189875125885;0.0
0.23686370253562927;0.23686370253562927;0.28322961926460266;0.0
0.23797453939914703;0.23797453939914703;0.5919160842895508;0.0
0.24228551983833313;0.24228551983833313;0.9626930952072144;0.0
0.2431560605764389;0.2431560605764389;0.44522300362586975;0.0
0.24351580440998077;0.24351580440998077;0.35556066036224365;0.0
0.24465125799179077;0.24465125799179077;0.37476661801338196;0.0
0.24467037618160248;0.24467037618160248;0.35859206318855286;0.0
0.2504427134990692;0.2504427134990692;0.4628268778324127;0.0
0.2506345212459564;0.2506345212459564;0.3875943422317505;0.0
0.25139668583869934;0.25139668583869934;1.0443367958068848;0.0
0.2515411376953125;0.2515411376953125;0.35559308528900146;0.0
0.2541024684906006;0.2541024684906006;0.8534793853759766;0.0
0.2547230124473572;0.2547230124473572;0.5058990120887756;0.0
0.25521838665008545;0.25521838665008545;0.5853779911994934;0.0
0.2557659447193146;0.3679177761077881;0.2557659447193146;0.0
0.25646525621414185;0.25646525621414185;0.3549511730670929;0.0
0.25684404373168945;0.32586216926574707;0.25684404373168945;0.0
0.2570263147354126;0.2570263147354126;0.9101147651672363;0.0
0.25814497470855713;0.25814497470855713;0.5213330388069153;0.0
0.25958648324012756;0.25958648324012756;0.6233423948287964;0.0
0.2600562274456024;0.2600562274456024;0.7384691834449768;0.0
0.2624802887439728;0.2624802887439728;0.4476368725299835;0.0
0.26362934708595276;0.26362934708595276;0.29471874237060547;0.0
0.2640993297100067;0.2640993297100067;0.6730785965919495;0.0
0.26495373249053955;0.26495373249053955;0.6332321166992188;0.0
0.2656015157699585;0.2656015157699585;0.5254486203193665;0.0
0.26765161752700806;0.26765161752700806;0.7406322360038757;0.0
0.2695850729942322;0.2695850729942322;0.4007973372936249;0.0
0.27014100551605225;0.27014100551605225;0.5316967368125916;0.0
0.2704213559627533;0.2704213559627533;0.50538170337677;0.0
0.2719865143299103;0.2719865143299103;0.6474353671073914;0.0
0.27312058210372925;0.2735404372215271;0.27312058210372925;0.0
0.27670493721961975;0.27670493721961975;0.3664596378803253;0.0
0.2770223915576935;0.2770223915576935;0.5350325703620911;0.0
0.2779865860939026;0.2779865860939026;0.7095636129379272;0.0
0.2792155146598816;0.2792155146598816;0.4936646819114685;0.0
0.27950140833854675;0.38207751512527466;0.27950140833854675;0.0
0.27961254119873047;0.27961254119873047;0.43629884719848633;0.0
0.28261885046958923;0.28261885046958923;0.522906482219696;0.0
0.2851100265979767;0.2851100265979767;0.5530276894569397;0.0
0.2863695025444031;0.2863695025444031;0.6669288277626038;0.0
0.2867179214954376;0.4191405475139618;0.2867179214954376;0.0
0.2880696654319763;0.2880696654319763;0.652361273765564;0.0
0.2882714867591858;0.2882714867591858;0.3934949040412903;0.0
0.2890196442604065;0.2890196442604065;0.8830022811889648;0.0
0.28920498490333557;0.28920498490333557;1.0211827754974365;0.0
0.2930006682872772;0.2930006682872772;0.6652663946151733;0.0
0.2941063344478607;0.2941063344478607;0.7207822799682617;0.0
0.29448458552360535;0.29448458552360535;0.7484242916107178;0.0
0.29465994238853455;0.29465994238853455;0.8430184125900269;0.0
0.29608166217803955;0.29608166217803955;0.4705792963504791;0.0
0.29786983132362366;0.29786983132362366;1.0638138055801392;0.0
0.300735741853714;0.300735741853714;0.4569992423057556;0.0
0.30189669132232666;0.30189669132232666;0.43776020407676697;0.0
0.30191245675086975;0.30191245675086975;0.6527168154716492;0.0
0.3045511841773987;0.3045511841773987;0.6512534022331238;0.0
0.30493494868278503;0.375358909368515;0.30493494868278503;0.0
0.3073790967464447;0.3073790967464447;0.8668507933616638;0.0
0.3103410303592682;0.3103410303592682;1.4695156812667847;0.0
0.31228888034820557;0.31228888034820557;0.5075994729995728;0.0
0.31378740072250366;0.31378740072250366;0.5874958634376526;0.0
0.31422725319862366;0.31422725319862366;0.6142020225524902;0.0
0.3145241141319275;0.348682165145874;0.3145241141319275;0.0
0.3163321018218994;0.3163321018218994;0.5744978785514832;0.0
0.3178311884403229;0.3178311884403229;0.45716965198516846;0.0
0.3190060555934906;0.3190060555934906;0.465501993894577;0.0
0.3204246163368225;0.3204246163368225;0.6379876136779785;0.0
0.3215937316417694;0.3215937316417694;0.7919468283653259;0.0
0.32305631041526794;0.32305631041526794;1.014258861541748;0.0
0.32559725642204285;0.32559725642204285;0.581342875957489;0.0
0.3260669708251953;0.3260669708251953;1.2092654705047607;0.0
0.3269726634025574;0.3269726634025574;0.7604794502258301;0.0
0.3315558433532715;0.3758564591407776;0.3315558433532715;0.0
0.33350324630737305;0.33350324630737305;0.5005126595497131;0.0
0.3355364203453064;0.37597665190696716;0.3355364203453064;0.0
0.3377240002155304;0.3377240002155304;0.8098653554916382;0.0
0.3378552198410034;0.34162870049476624;0.3378552198410034;0.0
0.3421241343021393;0.3421241343021393;0.4905381202697754;0.0
0.34519413113594055;0.34519413113594055;0.7332437038421631;0.0
0.3455522656440735;0.3455522656440735;0.8574920296669006;0.0
0.34761950373649597;0.34761950373649597;1.089125394821167;0.0
0.35131558775901794;0.35131558775901794;0.5978690385818481;0.0
0.3524075448513031;0.3524075448513031;0.42959022521972656;0.0
0.35323366522789;0.35323366522789;0.4872010350227356;0.0
0.3564305007457733;0.3564305007457733;0.6892201900482178;0.0
0.35721516609191895;0.5121690630912781;0.35721516609191895;0.0
0.35756415128707886;0.35756415128707886;1.0199729204177856;0.0
0.35760238766670227;0.49977177381515503;0.35760238766670227;0.0
0.36026695370674133;0.36026695370674133;0.6637316346168518;0.0
0.36067086458206177;0.36067086458206177;0.892956018447876;0.0
0.36376190185546875;0.36376190185546875;1.0758394002914429;0.0
0.36457523703575134;0.41049426794052124;0.36457523703575134;0.0
0.3646842837333679;0.3739231526851654;0.3646842837333679;0.0
0.36528727412223816;0.8133488297462463;0.36528727412223816;0.0
0.36602604389190674;0.5332825183868408;0.36602604389190674;0.0
0.36755725741386414;0.36755725741386414;0.5210655331611633;0.0
0.3682522475719452;0.3682522475719452;0.8542448878288269;0.0
0.36981144547462463;0.36981144547462463;0.9951836466789246;0.0
0.37493896484375;0.37493896484375;0.8040536642074585;0.0
0.37716415524482727;0.37716415524482727;0.38549038767814636;0.0
0.3779304623603821;0.3779304623603821;0.7580112218856812;0.0
0.37825509905815125;0.37825509905815125;0.8632708787918091;0.0
0.3783215880393982;0.3783215880393982;0.7338253855705261;0.0
0.37987205386161804;0.37987205386161804;0.883689284324646;0.0
0.3824848532676697;0.3824848532676697;1.1251111030578613;0.0
0.38461387157440186;0.38461387157440186;0.5748183131217957;0.0
0.3866642117500305;0.3866642117500305;0.5934420824050903;0.0
0.3869204521179199;0.5093523263931274;0.3869204521179199;0.0
0.38740965723991394;0.5953977704048157;0.38740965723991394;0.0
0.387533962726593;0.387533962726593;0.6008821129798889;0.0
0.3921389877796173;0.3921389877796173;0.47699499130249023;0.0
0.39376407861709595;0.39376407861709595;0.7750219106674194;0.0
0.39582252502441406;0.39582252502441406;0.7587088942527771;0.0
0.3972807824611664;0.3972807824611664;0.8800935745239258;0.0
0.39991578459739685;0.39991578459739685;0.8860144019126892;0.0
0.4022292196750641;0.4022292196750641;0.5992461442947388;0.0
0.40228572487831116;0.40228572487831116;1.2793329954147339;0.0
0.4042154550552368;0.41851669549942017;0.4042154550552368;0.0
0.407073974609375;0.407073974609375;0.9476083517074585;0.0
0.40857499837875366;0.40857499837875366;0.6827843189239502;0.0
0.41110166907310486;0.4766578674316406;0.41110166907310486;0.0
0.41176846623420715;0.41176846623420715;0.7359349131584167;0.0
0.4131397604942322;0.6244178414344788;0.4131397604942322;0.0
0.4147300720214844;0.4147300720214844;0.780680239200592;0.0
0.41602861881256104;0.4810341000556946;0.41602861881256104;0.0
0.4180804193019867;0.4180804193019867;0.6713135242462158;0.0
0.4212453365325928;0.43465349078178406;0.4212453365325928;0.0
0.4226372241973877;0.4226372241973877;0.5038416385650635;0.0
0.4227757453918457;0.4227757453918457;0.8630368709564209;0.0
0.4250276982784271;0.6761207580566406;0.4250276982784271;0.0
0.4286057949066162;0.4286057949066162;0.9563659429550171;0.0
0.4290841221809387;0.4290841221809387;0.6787803173065186;0.0
0.4299558699131012;0.4299558699131012;0.6559630036354065;0.0
0.43033504486083984;0.43033504486083984;0.6989160776138306;0.0
0.4305036664009094;0.4305036664009094;0.8752816915512085;0.0
0.4388101100921631;0.4388101100921631;0.7135748863220215;0.0
0.43881291151046753;0.43881291151046753;0.6642100214958191;0.0
0.4388471841812134;0.4388471841812134;0.6603207588195801;0.0
0.4415896236896515;0.4415896236896515;0.9803982377052307;0.0
0.4418800175189972;0.4418800175189972;0.7610442638397217;0.0
0.4448828399181366;0.4448828399181366;0.6713115572929382;0.0
0.4450916051864624;0.4450916051864624;0.9333028197288513;0.0
0.4451703131198883;0.7644964456558228;0.4451703131198883;0.0
0.44571995735168457;0.44571995735168457;0.6141495108604431;0.0
0.4477303624153137;0.4477303624153137;0.7327904105186462;0.0
0.4483200013637543;0.6997795701026917;0.4483200013637543;0.0
0.45009946823120117;0.5564547181129456;0.45009946823120117;0.0
0.4501677453517914;0.4501677453517914;0.9568207263946533;0.0
0.4515990912914276;0.45927292108535767;0.4515990912914276;0.0
0.45176881551742554;0.45176881551742554;1.0409746170043945;0.0
0.4520564377307892;0.4520564377307892;0.6756836175918579;0.0
0.45283904671669006;0.45283904671669006;1.0230164527893066;0.0
0.45331889390945435;1.046926498413086;0.45331889390945435;0.0
0.45335179567337036;0.8789873123168945;0.45335179567337036;0.0
0.45364511013031006;0.45364511013031006;0.8667553067207336;0.0
0.4551968276500702;0.7516658902168274;0.4551968276500702;0.0
0.4577900767326355;0.4577900767326355;1.1823116540908813;0.0
0.4586692750453949;0.691200852394104;0.4586692750453949;0.0
0.4591600000858307;0.4591600000858307;1.4750423431396484;0.0
0.46019792556762695;0.46019792556762695;0.996200680732727;0.0
0.46119406819343567;1.1417982578277588;0.46119406819343567;0.0
0.4612683653831482;0.4612683653831482;0.5351666808128357;0.0
0.4616842269897461;0.4616842269897461;0.9656916856765747;0.0
0.463265061378479;0.5508633255958557;0.463265061378479;0.0
0.464843213558197;0.464843213558197;0.9490200877189636;0.0
0.46497076749801636;0.46497076749801636;0.509852409362793;0.0
0.4667625427246094;0.4667625427246094;0.5802235007286072;0.0
0.4685858488082886;0.4685858488082886;0.9763815402984619;0.0
0.468933641910553;0.468933641910553;1.1412138938903809;0.0
0.4690241515636444;0.4690241515636444;1.2854852676391602;0.0
0.46956467628479004;0.46956467628479004;0.8398817777633667;0.0
0.4698556959629059;0.4698556959629059;0.81484454870224;0.0
0.47156038880348206;0.5245414972305298;0.47156038880348206;0.0
0.4737187325954437;0.5965546369552612;0.4737187325954437;0.0
0.47422993183135986;0.47422993183135986;0.6336396932601929;0.0
0.4749358594417572;0.4749358594417572;0.556098222732544;0.0
0.4756089150905609;0.503078281879425;0.4756089150905609;0.0
0.4794621765613556;0.4794621765613556;1.3075542449951172;0.0
0.47997117042541504;0.7622894644737244;0.47997117042541504;0.0
0.4801658093929291;0.4801658093929291;0.510582447052002;0.0
0.48079708218574524;0.48079708218574524;0.7689734697341919;0.0
0.48103365302085876;0.48103365302085876;0.9411584734916687;0.0
0.48117032647132874;0.48117032647132874;0.9313178062438965;0.0
0.48228052258491516;0.48228052258491516;1.2177261114120483;0.0
0.48529496788978577;0.48529496788978577;0.8266530632972717;0.0
0.48555657267570496;0.48555657267570496;0.6113888621330261;0.0
0.48687922954559326;0.48687922954559326;0.8567357063293457;0.0
0.4892151653766632;0.4892151653766632;1.028868317604065;0.0
0.489423543214798;0.489423543214798;0.7921454310417175;0.0
0.4904085099697113;0.4904085099697113;0.9973106384277344;0.0
0.49096837639808655;0.49096837639808655;0.9231340885162354;0.0
0.4948172867298126;0.7762402296066284;0.4948172867298126;0.0
0.4950890839099884;0.5343801975250244;0.4950890839099884;0.0
0.5001706480979919;0.5001706480979919;1.0669515132904053;0.0
0.501661479473114;0.9901646375656128;0.501661479473114;0.0
0.5020807981491089;0.5020807981491089;0.9012407064437866;0.0
0.5025571584701538;0.533399224281311;0.5025571584701538;0.0
0.5031468272209167;0.5031468272209167;0.7179232835769653;0.0
0.50339674949646;0.6745374202728271;0.50339674949646;0.0
0.5075525045394897;0.5075525045394897;1.2129101753234863;0.0
0.5083891153335571;1.4395917654037476;0.5083891153335571;0.0
0.508954644203186;0.5392442345619202;0.508954644203186;0.0
0.5092029571533203;0.5092029571533203;0.9086625576019287;0.0
0.5096535682678223;0.5096535682678223;0.783038854598999;0.0
0.5104048252105713;0.5227275490760803;0.5104048252105713;0.0
0.51241534948349;0.51241534948349;0.5222102999687195;0.0
0.51246577501297;0.6770550012588501;0.51246577501297;0.0
0.5126340389251709;0.5126340389251709;0.9998771548271179;0.0
0.5128662586212158;0.5128662586212158;1.0983647108078003;0.0
0.5143342018127441;0.5143342018127441;1.3449350595474243;0.0
0.5152021050453186;0.5152021050453186;0.6339342594146729;0.0
0.5153480172157288;0.9925225377082825;0.5153480172157288;0.0
0.5163486003875732;0.5163486003875732;1.0269849300384521;0.0
0.5184764862060547;0.5184764862060547;1.1800276041030884;0.0
0.5190820097923279;0.5190820097923279;0.6797743439674377;0.0
0.520101010799408;0.520101010799408;0.9811136722564697;0.0
0.52057284116745;0.5599128007888794;0.52057284116745;0.0
0.5218697786331177;0.5366032719612122;0.5218697786331177;0.0
0.5225815773010254;0.7383070588111877;0.5225815773010254;0.0
0.5228563547134399;0.6360493302345276;0.5228563547134399;0.0
0.5236772894859314;0.5236772894859314;1.006325364112854;0.0
0.5247572064399719;0.9233183264732361;0.5247572064399719;0.0
0.5251367688179016;0.5251367688179016;1.1691752672195435;0.0
0.5251753330230713;0.5251753330230713;1.1923174858093262;0.0
0.526253879070282;0.526253879070282;1.0888943672180176;0.0
0.5285636186599731;0.5285636186599731;0.8697199821472168;0.0
0.5288989543914795;0.6050912737846375;0.5288989543914795;0.0
0.5302202105522156;0.5703399777412415;0.5302202105522156;0.0
0.531072199344635;0.531072199344635;1.1982145309448242;0.0
0.5312708020210266;0.5312708020210266;0.911820113658905;0.0
0.5319628119468689;0.6974620223045349;0.5319628119468689;0.0
0.5319668650627136;0.5319668650627136;0.9003961682319641;0.0
0.5319724678993225;0.5319724678993225;1.0815640687942505;0.0
0.5322899222373962;0.5322899222373962;0.697541356086731;0.0
0.5335979461669922;0.5335979461669922;1.4136717319488525;0.0
0.533624529838562;1.1667699813842773;0.533624529838562;0.0
0.5339850187301636;0.5339850187301636;0.8856048583984375;0.0
0.5346421599388123;0.5346421599388123;0.590071976184845;0.0
0.5351491570472717;0.5351491570472717;1.4007803201675415;0.0
0.5352727174758911;0.7900134325027466;0.5352727174758911;0.0
0.5357692241668701;0.5907469391822815;0.5357692241668701;0.0
0.5363447666168213;0.6991919875144958;0.5363447666168213;0.0
0.5366296768188477;0.5366296768188477;1.1517788171768188;0.0
0.5369632244110107;0.5369632244110107;1.3566808700561523;0.0
0.5392558574676514;0.9472550749778748;0.5392558574676514;0.0
0.5401210784912109;0.5401210784912109;0.9799710512161255;0.0
0.541561484336853;1.1833468675613403;0.541561484336853;0.0
0.5425368547439575;0.5425368547439575;1.1592276096343994;0.0
0.5436079502105713;0.6014201045036316;0.5436079502105713;0.0
0.543753981590271;0.5960002541542053;0.543753981590271;0.0
0.5458885431289673;0.7951758503913879;0.5458885431289673;0.0
0.5459500551223755;0.7251165509223938;0.5459500551223755;0.0
0.5466666221618652;0.692654013633728;0.5466666221618652;0.0
0.5479128956794739;0.8592099547386169;0.5479128956794739;0.0
0.5496567487716675;0.7408541440963745;0.5496567487716675;0.0
0.5507139563560486;0.5507139563560486;1.0543862581253052;0.0
0.5512503385543823;0.5512503385543823;0.6627954840660095;0.0
0.5530301332473755;0.9577803611755371;0.5530301332473755;0.0
0.5534492135047913;0.7483784556388855;0.5534492135047913;0.0
0.5536481738090515;0.5536481738090515;0.7305172085762024;0.0
0.5536620616912842;0.9546054601669312;0.5536620616912842;0.0
0.5538924336433411;0.9826897978782654;0.5538924336433411;0.0
0.553939163684845;0.6946426630020142;0.553939163684845;0.0
0.5539952516555786;0.5539952516555786;0.7342085242271423;0.0
0.5558234453201294;0.7298444509506226;0.5558234453201294;0.0
0.5583677887916565;0.5583677887916565;0.8338101506233215;0.0
0.5596020221710205;0.5596020221710205;0.8931530714035034;0.0
0.5597264766693115;1.5303934812545776;0.5597264766693115;0.0
0.5606504678726196;0.5606504678726196;0.9964663982391357;0.0
0.5609323978424072;0.5609323978424072;1.0677173137664795;0.0
0.5628325343132019;1.1443935632705688;0.5628325343132019;0.0
0.5639261603355408;0.8150542378425598;0.5639261603355408;0.0
0.5652216672897339;0.5652216672897339;1.171353816986084;0.0
0.5662533044815063;0.5662533044815063;0.6039751172065735;0.0
0.567150890827179;0.567150890827179;1.2276105880737305;0.0
0.568781316280365;0.7459444999694824;0.568781316280365;0.0
0.5690917372703552;0.5690917372703552;1.1005908250808716;0.0
0.5693545937538147;0.5693545937538147;0.6247391700744629;0.0
0.570595920085907;0.570595920085907;0.6006292104721069;0.0
0.5710185170173645;0.5710185170173645;0.7502234578132629;0.0
0.5717592239379883;0.5717592239379883;1.3033969402313232;0.0
0.5737852454185486;0.6635899543762207;0.5737852454185486;0.0
0.5744488835334778;0.5744488835334778;1.3530042171478271;0.0
0.5745269060134888;0.5745269060134888;0.7183396220207214;0.0
0.575218915939331;0.575218915939331;1.0734071731567383;0.0
0.5754931569099426;0.7797428369522095;0.5754931569099426;0.0
0.5758716464042664;0.5758716464042664;1.1774320602416992;0.0
0.5761610865592957;0.7195302248001099;0.5761610865592957;0.0
0.5782260298728943;0.5782260298728943;0.9193022847175598;0.0
0.5789101123809814;0.5789101123809814;0.7445470690727234;0.0
0.581603467464447;0.581603467464447;1.0127230882644653;0.0
0.585848331451416;0.7216205596923828;0.585848331451416;0.0
0.5858874917030334;0.5858874917030334;0.9792076349258423;0.0
0.5873691439628601;0.5873691439628601;1.0752241611480713;0.0
0.5881639122962952;0.5881639122962952;1.1756489276885986;0.0
0.5896829962730408;0.5896829962730408;0.9101132750511169;0.0
0.5904887914657593;0.9308489561080933;0.5904887914657593;0.0
0.594335675239563;0.594335675239563;1.0743650197982788;0.0
0.596566379070282;0.596566379070282;1.0058225393295288;0.0
0.5980475544929504;0.5980475544929504;0.9121022820472717;0.0
0.5980860590934753;0.7564936876296997;0.5980860590934753;0.0
0.5984857082366943;0.5984857082366943;0.7801204323768616;0.0
0.6006990671157837;0.6006990671157837;1.1273013353347778;0.0
0.6017944812774658;0.7908698916435242;0.6017944812774658;0.0
0.6036616563796997;0.7470313906669617;0.6036616563796997;0.0
0.6040199398994446;0.6906149387359619;0.6040199398994446;0.0
0.6040587425231934;0.9058611989021301;0.6040587425231934;0.0
0.6057995557785034;0.6057995557785034;0.6929104328155518;0.0
0.6099802851676941;0.6099802851676941;0.740259051322937;0.0
0.6110012531280518;0.6110012531280518;0.6906632781028748;0.0
0.6123606562614441;0.8080936670303345;0.6123606562614441;0.0
0.6165137887001038;0.9029387831687927;0.6165137887001038;0.0
0.6183998584747314;0.6183998584747314;0.9542738795280457;0.0
0.623198390007019;0.9691157341003418;0.623198390007019;0.0
0.6233511567115784;1.4171464443206787;0.6233511567115784;0.0
0.6253071427345276;0.8215081095695496;0.6253071427345276;0.0
0.6259243488311768;1.134822130203247;0.6259243488311768;0.0
0.6275691390037537;0.6275691390037537;1.2070326805114746;0.0
0.6283291578292847;1.1655832529067993;0.6283291578292847;0.0
0.6283774375915527;0.7799260020256042;0.6283774375915527;0.0
0.6330476403236389;0.6330476403236389;1.149734616279602;0.0
0.6338054537773132;0.7956714034080505;0.6338054537773132;0.0
0.634202778339386;0.634202778339386;0.7791438102722168;0.0
0.6366013288497925;1.7008029222488403;0.6366013288497925;0.0
0.6375232338905334;0.7845680713653564;0.6375232338905334;0.0
0.638041079044342;0.9814786314964294;0.638041079044342;0.0
0.6407606601715088;0.6407606601715088;0.667341411113739;0.0
0.6411983966827393;0.6411983966827393;1.2468398809432983;0.0
0.6419697403907776;0.8822318911552429;0.6419697403907776;0.0
0.6433127522468567;1.1732710599899292;0.6433127522468567;0.0
0.6438696384429932;0.6438696384429932;1.129227876663208;0.0
0.6448098421096802;0.6448098421096802;1.2015340328216553;0.0
0.6469163298606873;0.6469163298606873;0.7156713604927063;0.0
0.6540555953979492;0.6540555953979492;0.9982950687408447;0.0
0.6545180082321167;0.7839251160621643;0.6545180082321167;0.0
0.656287431716919;0.7708277106285095;0.656287431716919;0.0
0.6564856767654419;0.8795287013053894;0.6564856767654419;0.0
0.6573552489280701;0.9393330812454224;0.6573552489280701;0.0
0.657461941242218;0.657461941242218;1.123963713645935;0.0
0.6586717963218689;0.6586717963218689;0.806448757648468;0.0
0.6627505421638489;0.6627505421638489;0.8408949971199036;0.0
0.6644332408905029;0.6644332408905029;1.0018908977508545;0.0
0.6662259101867676;0.9293941855430603;0.6662259101867676;0.0
0.6666362285614014;0.6666362285614014;0.8330580592155457;0.0
0.6683918237686157;0.6683918237686157;0.8018083572387695;0.0
0.6708065867424011;1.3586485385894775;0.6708065867424011;0.0
0.6717042922973633;0.6717042922973633;0.9390314221382141;0.0
0.6720126271247864;1.136575698852539;0.6720126271247864;0.0
0.6723475456237793;0.6723475456237793;0.8909246921539307;0.0
0.6724036931991577;1.8136011362075806;0.6724036931991577;0.0
0.6724769473075867;0.6724769473075867;0.7532493472099304;0.0
0.6742498278617859;0.6742498278617859;0.8365405201911926;0.0
0.6761830449104309;2.5011484622955322;0.6761830449104309;0.0
0.6769378781318665;0.9427911639213562;0.6769378781318665;0.0
0.6777598857879639;0.9037795066833496;0.6777598857879639;0.0
0.6817081570625305;0.6817081570625305;1.3638876676559448;0.0
0.6843384504318237;1.0383306741714478;0.6843384504318237;0.0
0.6867827773094177;1.230297327041626;0.6867827773094177;0.0
0.6875;1.0406484603881836;0.6875;0.0
0.6879724264144897;1.3589359521865845;0.6879724264144897;0.0
0.6880773901939392;0.8625305891036987;0.6880773901939392;0.0
0.6881759762763977;1.0961891412734985;0.6881759762763977;0.0
0.6883991360664368;0.6883991360664368;0.9518997669219971;0.0
0.6923797726631165;0.7273761034011841;0.6923797726631165;0.0
0.696901261806488;0.696901261806488;0.8679471611976624;0.0
0.697697103023529;0.8459292054176331;0.697697103023529;0.0
0.6977621912956238;0.8585672378540039;0.6977621912956238;0.0
0.6988391876220703;0.6988391876220703;0.7293544411659241;0.0
0.7019105553627014;0.7019105553627014;0.7486072778701782;0.0
0.7027150988578796;0.9468008279800415;0.7027150988578796;0.0
0.705223023891449;1.897986888885498;0.705223023891449;0.0
0.7053134441375732;1.1241214275360107;0.7053134441375732;0.0
0.7064074873924255;0.9453269243240356;0.7064074873924255;0.0
0.7067843675613403;0.7993085980415344;0.7067843675613403;0.0
0.708184540271759;0.7904945611953735;0.708184540271759;0.0
0.7085620760917664;1.3236799240112305;0.7085620760917664;0.0
0.7134669423103333;1.1139018535614014;0.7134669423103333;0.0
0.714651882648468;0.965531051158905;0.714651882648468;0.0
0.715501070022583;0.715501070022583;1.303064227104187;0.0
0.7161258459091187;0.7161258459091187;0.8905501961708069;0.0
0.7169606685638428;0.7169606685638428;0.8768397569656372;0.0
0.7170779705047607;0.7170779705047607;1.076302409172058;0.0
0.7207532525062561;1.025381326675415;0.7207532525062561;0.0
0.7221538424491882;0.7221538424491882;0.8826569318771362;0.0
0.7241584062576294;1.2119336128234863;0.7241584062576294;0.0
0.724547266960144;0.724547266960144;1.2256510257720947;0.0
0.725330650806427;1.6128543615341187;0.725330650806427;0.0
0.7254686951637268;1.6250567436218262;0.7254686951637268;0.0
0.7265000939369202;1.3892122507095337;0.7265000939369202;0.0
0.7266019582748413;1.162147045135498;0.7266019582748413;0.0
0.7276812195777893;0.7276812195777893;0.9537619352340698;0.0
0.7290303707122803;1.0827524662017822;0.7290303707122803;0.0
0.7316662073135376;1.1202634572982788;0.7316662073135376;0.0
0.7320446968078613;1.4294098615646362;0.7320446968078613;0.0
0.734520673751831;1.3998218774795532;0.734520673751831;0.0
0.7348120808601379;0.7348120808601379;0.8552318811416626;0.0
0.7351603507995605;0.9791622757911682;0.7351603507995605;0.0
0.7368132472038269;1.3512346744537354;0.7368132472038269;0.0
0.7369171380996704;0.7369171380996704;1.423100471496582;0.0
0.738479495048523;1.4799576997756958;0.738479495048523;0.0
0.7406535148620605;0.9162488579750061;0.7406535148620605;0.0
0.7408151626586914;0.7408151626586914;1.1940463781356812;0.0
0.7408507466316223;1.2383427619934082;0.7408507466316223;0.0
0.740972638130188;1.496992588043213;0.740972638130188;0.0
0.7413781881332397;1.158603310585022;0.7413781881332397;0.0
0.742027223110199;0.9886941909790039;0.742027223110199;0.0
0.7430008053779602;0.7430008053779602;1.1618413925170898;0.0
0.7439969778060913;0.7439969778060913;0.753686249256134;0.0
0.74417644739151;0.74417644739151;0.9139998555183411;0.0
0.74567049741745;0.74567049741745;1.0554808378219604;0.0
0.747826099395752;0.9633646011352539;0.747826099395752;0.0
0.7492376565933228;1.0052751302719116;0.7492376565933228;0.0
0.7528557181358337;0.7528557181358337;0.9915503263473511;0.0
0.7535258531570435;1.3925546407699585;0.7535258531570435;0.0
0.7556880116462708;1.1105635166168213;0.7556880116462708;0.0
0.7573188543319702;0.8166396021842957;0.7573188543319702;0.0
0.7626433968544006;0.8162999153137207;0.7626433968544006;0.0
0.7631827592849731;1.1940523386001587;0.7631827592849731;0.0
0.7652003765106201;1.3114466667175293;0.7652003765106201;0.0
0.7667639255523682;1.091884970664978;0.7667639255523682;0.0
0.7675778269767761;1.1315726041793823;0.7675778269767761;0.0
0.7689242959022522;0.7689242959022522;0.9131495356559753;0.0
0.7693392634391785;1.042046070098877;0.7693392634391785;0.0
0.7720848321914673;1.1553263664245605;0.7720848321914673;0.0
0.7758871912956238;1.4894909858703613;0.7758871912956238;0.0
0.778922975063324;0.9025222063064575;0.778922975063324;0.0
0.780569314956665;1.627316951751709;0.780569314956665;0.0
0.7811145186424255;1.2349802255630493;0.7811145186424255;0.0
0.7824272513389587;1.3176262378692627;0.7824272513389587;0.0
0.7838262319564819;1.0731686353683472;0.7838262319564819;0.0
0.7851670980453491;0.8605151772499084;0.7851670980453491;0.0
0.7855307459831238;0.9597062468528748;0.7855307459831238;0.0
0.7856243848800659;0.991787850856781;0.7856243848800659;0.0
0.7888613343238831;1.172715663909912;0.7888613343238831;0.0
0.7893296480178833;0.7893296480178833;0.837424635887146;0.0
0.7905842065811157;0.7905842065811157;1.263199806213379;0.0
0.7922643423080444;1.6638484001159668;0.7922643423080444;0.0
0.7934011220932007;1.084834098815918;0.7934011220932007;0.0
0.7971203923225403;0.7971203923225403;0.8267229795455933;0.0
0.7987488508224487;1.507885217666626;0.7987488508224487;0.0
0.803115725517273;0.8937046527862549;0.803115725517273;0.0
0.8031202554702759;1.024101972579956;0.8031202554702759;0.0
0.8032351136207581;0.8032351136207581;1.2544842958450317;0.0
0.8046141862869263;0.9209103584289551;0.8046141862869263;0.0
0.8099750876426697;1.4701921939849854;0.8099750876426697;0.0
0.8149893283843994;0.8149893283843994;0.9045314192771912;0.0
0.819104790687561;1.1413453817367554;0.819104790687561;0.0
0.8221636414527893;1.0518381595611572;0.8221636414527893;0.0
0.8236579895019531;1.3076447248458862;0.8236579895019531;0.0
0.8260892629623413;1.4061332941055298;0.8260892629623413;0.0
0.8277931809425354;0.8451317548751831;0.8277931809425354;0.0
0.828373372554779;1.3804631233215332;0.828373372554779;0.0
0.8292032480239868;0.897099494934082;0.8292032480239868;0.0
0.8293671607971191;1.6215797662734985;0.8293671607971191;0.0
0.8305164575576782;0.8305164575576782;1.6171027421951294;0.0
0.8317941427230835;1.0487358570098877;0.8317941427230835;0.0
0.8325828909873962;2.4531514644622803;0.8325828909873962;0.0
0.8353124260902405;1.1512880325317383;0.8353124260902405;0.0
0.8415982127189636;1.1970398426055908;0.8415982127189636;0.0
0.8421143293380737;0.9757881164550781;0.8421143293380737;0.0
0.8481837511062622;0.8481837511062622;1.1026954650878906;0.0
0.8501138687133789;2.3959131240844727;0.8501138687133789;0.0
0.8507564663887024;1.729562520980835;0.8507564663887024;0.0
0.8522309064865112;0.8522309064865112;0.8872215151786804;0.0
0.8525354266166687;0.8525354266166687;1.056658148765564;0.0
0.8532348871231079;0.8664547801017761;0.8532348871231079;0.0
0.8536178469657898;0.8536178469657898;1.2716729640960693;0.0
0.8571245670318604;0.9674679040908813;0.8571245670318604;0.0
0.8584234118461609;1.202490210533142;0.8584234118461609;0.0
0.8590125441551208;0.8603891730308533;0.8590125441551208;0.0
0.8597796559333801;1.236076831817627;0.8597796559333801;0.0
0.8616419434547424;0.9280619621276855;0.8616419434547424;0.0
0.861720085144043;1.4261032342910767;0.861720085144043;0.0
0.8634178042411804;1.2457187175750732;0.8634178042411804;0.0
0.8638967871665955;0.9925060868263245;0.8638967871665955;0.0
0.8672291040420532;1.1491590738296509;0.8672291040420532;0.0
0.8700730204582214;1.346795916557312;0.8700730204582214;0.0
0.8707807660102844;2.6336874961853027;0.8707807660102844;0.0
0.8726116418838501;0.8726116418838501;1.4521336555480957;0.0
0.8746188282966614;1.5252615213394165;0.8746188282966614;0.0
0.8746921420097351;1.0390690565109253;0.8746921420097351;0.0
0.8760579228401184;1.1352579593658447;0.8760579228401184;0.0
0.8828613758087158;0.9532060027122498;0.8828613758087158;0.0
0.887122392654419;1.3520386219024658;0.887122392654419;0.0
0.8881699442863464;1.6143040657043457;0.8881699442863464;0.0
0.8887071013450623;2.451612949371338;0.8887071013450623;0.0
0.890479564666748;0.899798572063446;0.890479564666748;0.0
0.8935939073562622;0.8935939073562622;1.0836867094039917;0.0
0.9008663296699524;0.9008663296699524;1.1597723960876465;0.0
0.9009081721305847;1.0331628322601318;0.9009081721305847;0.0
0.9039399027824402;2.141918897628784;0.9039399027824402;0.0
0.9065839648246765;0.9065839648246765;1.0180474519729614;0.0
0.9115204215049744;1.4685410261154175;0.9115204215049744;0.0
0.9128472208976746;0.9128472208976746;1.233540415763855;0.0
0.9137550592422485;1.4664924144744873;0.9137550592422485;0.0
0.9164896607398987;0.9839187860488892;0.9164896607398987;0.0
0.9211714267730713;1.1434022188186646;0.9211714267730713;0.0
0.9213683605194092;1.9038206338882446;0.9213683605194092;0.0
0.9217482805252075;2.1149611473083496;0.9217482805252075;0.0
0.9220700860023499;0.9250272512435913;0.9220700860023499;0.0
0.9250131845474243;0.9250131845474243;1.0512052774429321;0.0
0.9298936128616333;1.580201506614685;0.9298936128616333;0.0
0.9341967105865479;0.9341967105865479;1.5150164365768433;0.0
0.9354011416435242;4.206552505493164;0.9354011416435242;0.0
0.9360901713371277;1.6992416381835938;0.9360901713371277;0.0
0.9379861354827881;1.3353996276855469;0.9379861354827881;0.0
0.9399963021278381;1.8585485219955444;0.9399963021278381;0.0
0.9420166611671448;1.3067649602890015;0.9420166611671448;0.0
0.9433959722518921;0.9433959722518921;1.5472376346588135;0.0
0.9447736144065857;1.5559086799621582;0.9447736144065857;0.0
0.9453083276748657;1.2054136991500854;0.9453083276748657;0.0
0.9465540647506714;0.9465540647506714;1.2124661207199097;0.0
0.946998119354248;2.018145799636841;0.946998119354248;0.0
0.9485046863555908;1.1372569799423218;0.9485046863555908;0.0
0.9486119151115417;0.9486119151115417;1.0020899772644043;0.0
0.9539856910705566;2.0408518314361572;0.9539856910705566;0.0
0.9578288197517395;1.038743495941162;0.9578288197517395;0.0
0.9582502245903015;1.0105894804000854;0.9582502245903015;0.0
0.9591268301010132;1.6614243984222412;0.9591268301010132;0.0
0.9612327218055725;1.2273529767990112;0.9612327218055725;0.0
0.9616274237632751;1.6109111309051514;0.9616274237632751;0.0
0.9625834226608276;4.537515163421631;0.9625834226608276;0.0
0.9666924476623535;1.4954742193222046;0.9666924476623535;0.0
0.9686972498893738;2.1607208251953125;0.9686972498893738;0.0
0.9715312123298645;0.9715312123298645;1.1513454914093018;0.0
0.9724342823028564;1.1193983554840088;0.9724342823028564;0.0
0.9752655029296875;0.9752655029296875;0.9832398295402527;0.0
0.9792280197143555;1.2646844387054443;0.9792280197143555;0.0
0.9803116917610168;0.9803116917610168;1.5584802627563477;0.0
0.9813999533653259;1.497282862663269;0.9813999533653259;0.0
0.9843747615814209;1.5309720039367676;0.9843747615814209;0.0
0.9886611104011536;0.9886611104011536;1.0811684131622314;0.0
0.9889970421791077;1.9631279706954956;0.9889970421791077;0.0
0.9892736673355103;1.1715326309204102;0.9892736673355103;0.0
0.9896602034568787;1.8505940437316895;0.9896602034568787;0.0
0.9913414716720581;1.332534909248352;0.9913414716720581;0.0
0.9947369694709778;1.3769677877426147;0.9947369694709778;0.0
0.9965125918388367;2.637906789779663;0.9965125918388367;0.0
0.9976627230644226;1.765453577041626;0.9976627230644226;0.0
0.9980229139328003;1.1777352094650269;0.9980229139328003;0.0
1.0011003017425537;1.0020065307617188;1.0011003017425537;0.0
1.0021376609802246;1.0021376609802246;1.0025131702423096;0.0
1.0050358772277832;1.8969740867614746;1.0050358772277832;0.0
1.0107440948486328;1.601335883140564;1.0107440948486328;0.0
1.0120010375976562;1.939892053604126;1.0120010375976562;0.0
1.0120723247528076;1.4546914100646973;1.0120723247528076;0.0
1.0126515626907349;1.8893104791641235;1.0126515626907349;0.0
1.012770175933838;2.370830535888672;1.012770175933838;0.0
1.0205937623977661;1.1860415935516357;1.0205937623977661;0.0
1.023348331451416;1.425887107849121;1.023348331451416;0.0
1.0234812498092651;1.0234812498092651;1.6340515613555908;0.0
1.024304986000061;1.024304986000061;1.0456784963607788;0.0
1.02766752243042;1.02766752243042;1.768119215965271;0.0
1.033748984336853;2.2369771003723145;1.033748984336853;0.0
1.0349980592727661;1.5363028049468994;1.0349980592727661;0.0
1.0374460220336914;1.5002297163009644;1.0374460220336914;0.0
1.0388641357421875;1.1237162351608276;1.0388641357421875;0.0
1.0433603525161743;1.8588188886642456;1.0433603525161743;0.0
1.043400764465332;1.2469009160995483;1.043400764465332;0.0
1.0446479320526123;1.6484761238098145;1.0446479320526123;0.0
1.0456405878067017;1.5840026140213013;1.0456405878067017;0.0
1.0472067594528198;1.5238252878189087;1.0472067594528198;0.0
1.055562138557434;1.7719907760620117;1.055562138557434;0.0
1.0605666637420654;1.1706124544143677;1.0605666637420654;0.0
1.0614955425262451;1.5405889749526978;1.0614955425262451;0.0
1.0627295970916748;2.1332335472106934;1.0627295970916748;0.0
1.0638575553894043;1.766263484954834;1.0638575553894043;0.0
1.0646859407424927;1.0815298557281494;1.0646859407424927;0.0
1.083935022354126;1.7313034534454346;1.083935022354126;0.0
1.085678219795227;1.49131441116333;1.085678219795227;0.0
1.0889462232589722;1.2869014739990234;1.0889462232589722;0.0
1.0948823690414429;2.6753158569335938;1.0948823690414429;0.0
1.0983686447143555;1.710705041885376;1.0983686447143555;0.0
1.1002367734909058;1.1002367734909058;1.3095581531524658;0.0
1.1039766073226929;1.8671852350234985;1.1039766073226929;0.0
1.105205774307251;1.8019814491271973;1.105205774307251;0.0
1.107768177986145;1.4993672370910645;1.107768177986145;0.0
1.1089171171188354;1.6807360649108887;1.1089171171188354;0.0
1.1096941232681274;1.588468313217163;1.1096941232681274;0.0
1.1112205982208252;1.1112205982208252;1.2057034969329834;0.0
1.1172633171081543;2.5607030391693115;1.1172633171081543;0.0
1.1214797496795654;2.2337276935577393;1.1214797496795654;0.0
1.1259344816207886;1.9891196489334106;1.1259344816207886;0.0
1.1267176866531372;1.1267176866531372;1.2173162698745728;0.0
1.1273092031478882;1.1273092031478882;1.5279780626296997;0.0
1.1348625421524048;2.461826801300049;1.1348625421524048;0.0
1.135259747505188;1.8246870040893555;1.135259747505188;0.0
1.1426252126693726;3.3362984657287598;1.1426252126693726;0.0
1.143446922302246;2.1316123008728027;1.143446922302246;0.0
1.148706316947937;2.175276041030884;1.148706316947937;0.0
1.151049256324768;1.151049256324768;1.672843337059021;0.0
1.155094027519226;1.8455487489700317;1.155094027519226;0.0
1.158937931060791;2.090608835220337;1.158937931060791;0.0
1.158941626548767;1.7171765565872192;1.158941626548767;0.0
1.1618443727493286;1.1618443727493286;1.5026085376739502;0.0
1.1769819259643555;1.2235946655273438;1.1769819259643555;0.0
1.1771081686019897;2.1706149578094482;1.1771081686019897;0.0
1.1885802745819092;1.7713477611541748;1.1885802745819092;0.0
1.1925727128982544;1.1925727128982544;1.312300682067871;0.0
1.1963062286376953;2.3453071117401123;1.1963062286376953;0.0
1.1967864036560059;1.2174497842788696;1.1967864036560059;0.0
1.1986533403396606;2.320460319519043;1.1986533403396606;0.0
1.1990712881088257;1.5981465578079224;1.1990712881088257;0.0
1.2193489074707031;1.5964339971542358;1.2193489074707031;0.0
1.2216644287109375;2.013153076171875;1.2216644287109375;0.0
1.2268155813217163;2.293275833129883;1.2268155813217163;0.0
1.2334671020507812;3.016448497772217;1.2334671020507812;0.0
1.237587809562683;2.1329634189605713;1.237587809562683;0.0
1.2464494705200195;2.398043394088745;1.2464494705200195;0.0
1.2480716705322266;2.8530571460723877;1.2480716705322266;0.0
1.2558435201644897;1.5854920148849487;1.2558435201644897;0.0
1.2596733570098877;2.4486465454101562;1.2596733570098877;0.0
1.2665140628814697;1.7188124656677246;1.2665140628814697;0.0
1.268998146057129;2.661848545074463;1.268998146057129;0.0
1.269081711769104;2.9862663745880127;1.269081711769104;0.0
1.2704652547836304;2.6967787742614746;1.2704652547836304;0.0
1.2745229005813599;1.434818148612976;1.2745229005813599;0.0
1.287245750427246;1.7213951349258423;1.287245750427246;0.0
1.2929903268814087;1.3903545141220093;1.2929903268814087;0.0
1.3032511472702026;1.742486596107483;1.3032511472702026;0.0
1.3254368305206299;3.7706351280212402;1.3254368305206299;0.0
1.3271042108535767;3.8077938556671143;1.3271042108535767;0.0
1.3317698240280151;2.1694107055664062;1.3317698240280151;0.0
1.3324854373931885;1.441805124282837;1.3324854373931885;0.0
1.3334448337554932;2.085207939147949;1.3334448337554932;0.0
1.3526982069015503;2.265702962875366;1.3526982069015503;0.0
1.3565468788146973;2.5186429023742676;1.3565468788146973;0.0
1.367722988128662;1.367722988128662;1.567318320274353;0.0
1.386296033859253;2.843188524246216;1.386296033859253;0.0
1.389393925666809;1.389393925666809;1.4543561935424805;0.0
1.4039109945297241;3.0345380306243896;1.4039109945297241;0.0
1.4058897495269775;1.8685036897659302;1.4058897495269775;0.0
1.4174389839172363;2.354865789413452;1.4174389839172363;0.0
1.418526530265808;1.418526530265808;1.4232620000839233;0.0
1.4232081174850464;2.181018114089966;1.4232081174850464;0.0
1.4286549091339111;3.008481740951538;1.4286549091339111;0.0
1.4321367740631104;2.461189031600952;1.4321367740631104;0.0
1.4346104860305786;1.4346104860305786;1.4642452001571655;0.0
1.443191409111023;2.4714670181274414;1.443191409111023;0.0
1.4522956609725952;3.4105184078216553;1.4522956609725952;0.0
1.4545162916183472;2.8382368087768555;1.4545162916183472;0.0
1.475219964981079;2.3608171939849854;1.475219964981079;0.0
1.4783014059066772;1.98599374294281;1.4783014059066772;0.0
1.4826339483261108;2.5573208332061768;1.4826339483261108;0.0
1.4845227003097534;2.6119210720062256;1.4845227003097534;0.0
1.505874752998352;1.505874752998352;1.762568712234497;0.0
1.5121036767959595;2.3222944736480713;1.5121036767959595;0.0
1.5215798616409302;2.2147529125213623;1.5215798616409302;0.0
1.5370796918869019;1.5370796918869019;2.001424789428711;0.0
1.5462135076522827;2.7390098571777344;1.5462135076522827;0.0
1.5511846542358398;2.1223771572113037;1.5511846542358398;0.0
1.552132248878479;3.1321651935577393;1.552132248878479;0.0
1.573447346687317;2.5995426177978516;1.573447346687317;0.0
1.5800944566726685;2.146136999130249;1.5800944566726685;0.0
1.5826064348220825;1.7869834899902344;1.5826064348220825;0.0
1.5851154327392578;2.1743695735931396;1.5851154327392578;0.0
1.5863006114959717;2.6138086318969727;1.5863006114959717;0.0
1.602295160293579;1.602295160293579;1.9610459804534912;0.0
1.6176038980484009;3.142134189605713;1.6176038980484009;0.0
1.6296188831329346;2.4058077335357666;1.6296188831329346;0.0
1.6421093940734863;4.560516834259033;1.6421093940734863;0.0
1.6698518991470337;2.4903969764709473;1.6698518991470337;0.0
1.695698618888855;3.0593976974487305;1.695698618888855;0.0
1.7339986562728882;2.3300940990448;1.7339986562728882;0.0
1.7536015510559082;2.136519193649292;1.7536015510559082;0.0
1.7920836210250854;1.7920836210250854;2.85695219039917;0.0
1.798750400543213;4.05035924911499;1.798750400543213;0.0
1.8114012479782104;2.6845898628234863;1.8114012479782104;0.0
1.8220375776290894;3.776651382446289;1.8220375776290894;0.0
1.827232837677002;2.7582359313964844;1.827232837677002;0.0
1.9180309772491455;2.3961901664733887;1.9180309772491455;0.0
1.964580774307251;2.9238264560699463;1.964580774307251;0.0
2.001615524291992;2.50252103805542;2.001615524291992;0.0
2.143357515335083;3.1170732975006104;2.143357515335083;0.0
2.155890464782715;3.146172523498535;2.155890464782715;0.0
2.183023691177368;4.0076518058776855;2.183023691177368;0.0
2.2810115814208984;2.632464647293091;2.2810115814208984;0.0
2.4984312057495117;3.5775110721588135;2.4984312057495117;0.0
2.5255966186523438;3.700838565826416;2.5255966186523438;0.0
2.535594940185547;3.250555992126465;2.535594940185547;0.0
2.699354887008667;4.212328910827637;2.699354887008667;0.0
3.3420913219451904;4.802958965301514;3.3420913219451904;0.0
4.43501091003418;3.9560868740081787;4.43501091003418;0.0
325.7970275878906;3.7573273181915283;325.7970275878906;0.0
