time;train_accuracy;train_loss;valid_accuracy;valid_loss;valid_accuracy_robust;valid_accuracy_swa;valid_accuracy_robust_swa
39,6788;2,0621;4,0239;1,8617;3,9083;1,9089;1,8617;1,9089
79,4388;2,2173;3,8927;2,5709;3,9108;2,0628;2,5709;2,0628
117,5649;2,1286;3,9024;2,3936;4,1436;2,0628;2,3936;2,0628
157,2055;2,2173;3,9352;2,3936;5,2469;2,3707;2,3936;2,3707
197,7363;2,4169;4,0118;2,1277;7,2448;2,0628;2,1277;2,0628
237,0292;2,8603;4,2216;3,1028;9,9306;2,4631;3,1028;2,4631
275,4424;2,0177;4,2209;2,3936;4,4150;1,5394;2,3936;1,5394
314,9217;2,4390;4,0228;2,1277;5,8809;1,8165;2,1277;1,8165
354,6069;2,2395;3,9113;2,8369;4,0201;2,4631;2,8369;2,4631
393,7637;2,7273;3,8643;4,1667;3,8287;3,6330;4,1667;3,6330
433,0953;3,9911;3,8407;4,5213;3,7296;3,6330;4,5213;3,6330
473,4785;3,6807;3,8272;5,5851;4,8101;3,8793;5,5851;3,8793
511,2220;4,7894;3,8167;7,0035;3,8143;5,5727;7,0035;5,5727
549,3301;5,8315;3,8088;5,9397;3,7777;5,8190;5,9397;5,8190
589,8365;5,2328;3,8126;7,5355;4,3673;5,7266;7,5355;5,7266
630,1489;4,9889;3,8025;7,2695;4,1038;5,3571;7,2695;5,3571
669,1599;6,5410;3,7894;9,4858;3,6603;7,5431;9,4858;7,5431
707,9935;6,1863;3,7926;7,8014;3,6520;5,7882;7,8014;5,7882
747,5781;6,1641;3,7803;8,1560;3,7337;6,5579;8,1560;6,5579
786,4725;6,2306;3,7796;8,5106;4,1388;7,3584;8,5106;7,3584
826,5459;6,8736;3,7713;7,5355;3,8980;6,6502;7,5355;6,6502
866,8778;7,0288;3,7581;8,9539;4,0708;7,2044;8,9539;7,2044
906,2035;6,2306;3,7620;9,7518;3,5721;6,8966;9,7518;6,8966
944,5256;7,4058;3,7690;7,0922;4,3150;5,7266;7,0922;5,7266
983,7715;7,2284;3,7553;7,7128;7,6510;6,0037;7,7128;6,0037
1023,6022;7,6053;3,7506;9,2199;4,0471;7,6663;9,2199;7,6663
1063,5999;8,3149;3,7299;10,8156;3,6734;8,6207;10,8156;8,6207
1101,6660;7,8049;3,7396;9,3972;4,2427;6,9273;9,3972;6,9273
1140,3410;8,0044;3,7258;9,4858;3,7865;6,4655;9,4858;6,4655
1179,6210;8,7583;3,7290;11,1702;3,5398;8,3436;11,1702;8,3436
1221,0817;8,3814;3,7215;10,5496;3,7319;7,6663;10,5496;7,6663
1262,8853;8,0044;3,7236;7,8014;3,7367;5,6034;7,8014;5,6034
1301,0177;8,7140;3,7289;13,5638;3,5030;9,2980;13,5638;9,2980
1339,6323;9,0466;3,7188;12,0567;6,2637;8,3436;12,0567;8,3436
1378,6070;9,1353;3,7025;13,2092;3,6116;9,6983;13,2092;9,6983
1417,8688;9,8226;3,7008;12,7660;3,9949;9,1749;12,7660;9,1749
1458,1130;9,2683;3,7155;11,8794;4,0682;9,2672;11,8794;9,2672
1498,6348;9,6452;3,7056;13,2979;3,4421;9,1441;13,2979;9,1441
1537,9951;9,4900;3,7138;13,4752;3,9951;9,3596;13,4752;9,3596
1576,9025;10,3326;3,7034;13,2092;3,4115;9,5135;13,2092;9,5135
1617,1394;11,4412;3,6759;15,5142;3,6343;10,3140;15,5142;10,3140
1654,9764;11,1308;3,6876;15,0709;3,6379;10,8067;15,0709;10,8067
1692,8298;10,4435;3,6949;12,0567;3,6843;8,7438;12,0567;8,7438
1732,6322;11,0421;3,6808;16,4007;3,9530;10,0677;16,4007;10,0677
1773,4056;11,7073;3,6709;17,3759;3,4096;11,2377;17,3759;11,2377
1811,6169;11,3969;3,6680;14,7163;3,8639;10,6219;14,7163;10,6219
1850,0294;11,5078;3,6647;15,0709;3,5266;10,9606;15,0709;10,9606
1888,8647;11,1308;3,6583;17,2872;3,3061;11,3608;17,2872;11,3608
1928,5791;11,6630;3,6630;17,1099;3,4826;12,1921;17,1099;12,1921
1968,3721;11,8404;3,6571;17,4645;3,4450;12,0690;17,4645;12,0690
2007,3813;12,1064;3,6531;17,1986;3,6628;11,9150;17,1986;11,9150
2046,3491;12,1951;3,6308;13,0319;3,5003;9,2365;13,0319;9,2365
2087,3027;12,1508;3,6435;16,5780;3,3131;11,6071;16,5780;11,6071
2126,8850;12,6608;3,6385;16,9326;3,3622;11,6379;16,9326;11,6379
2166,3548;12,7716;3,6258;18,4397;3,5421;13,3929;18,4397;13,3929
2204,6612;14,1907;3,6084;19,5922;3,4118;13,5776;19,5922;13,5776
2243,8919;13,7251;3,6191;18,3511;3,2006;12,3153;18,3511;12,3153
2282,5878;14,4789;3,6159;17,4645;3,5074;13,2081;17,4645;13,2081
2322,0039;13,7916;3,5849;16,8440;3,7561;12,1613;16,8440;12,1613
2363,4342;13,1486;3,6209;17,1986;3,6317;12,8387;17,1986;12,8387
2402,6870;14,5898;3,5973;19,3262;3,4608;15,0246;19,3262;15,0246
2441,5786;15,7871;3,5728;21,0993;3,2070;14,8707;21,0993;14,8707
2480,7390;16,2084;3,5691;20,7447;3,1157;15,3941;20,7447;15,3941
2520,4940;15,0554;3,5405;22,6064;3,0634;14,7475;22,6064;14,7475
2558,9760;16,5410;3,5430;21,6312;3,1950;15,7020;21,6312;15,7020
2597,7949;16,5632;3,5241;23,6702;3,0451;14,9938;23,6702;14,9938
2635,6943;16,8071;3,5477;23,1383;3,0559;15,6404;23,1383;15,6404
2675,2513;17,8936;3,5111;18,7943;3,2044;14,5628;18,7943;14,5628
2717,3483;16,8293;3,5161;21,3652;3,1646;15,2094;21,3652;15,2094
2758,9900;17,3614;3,5141;23,6702;2,9560;16,8411;23,6702;16,8411
2798,8493;18,8692;3,4898;23,1383;3,0987;17,1798;23,1383;17,1798
2836,9288;17,6053;3,5015;23,0496;2,9519;17,7032;23,0496;17,7032
2876,0394;18,9135;3,4804;23,2270;2,9132;17,7648;23,2270;17,7648
2916,4760;19,4678;3,4758;24,1135;3,0770;16,7488;24,1135;16,7488
2955,2721;19,1353;3,4728;27,7482;2,8128;19,5813;27,7482;19,5813
2993,3553;18,3149;3,4795;21,0993;5,3842;16,1022;21,0993;16,1022
3032,5650;19,2683;3,4750;26,0638;2,7557;18,6268;26,0638;18,6268
3072,4616;18,4922;3,4728;25,8865;2,8354;17,3645;25,8865;17,3645
3111,3774;19,2461;3,4514;25,9752;2,8900;17,8571;25,9752;17,8571
3150,5960;20,3104;3,4302;25,0887;2,8860;18,9963;25,0887;18,9963
3189,5843;19,9557;3,4478;23,7589;2,9574;17,2722;23,7589;17,2722
3227,8699;22,0177;3,4160;27,2163;2,8035;18,1958;27,2163;18,1958
3267,5995;21,4412;3,4131;26,6844;2,8152;19,5505;26,6844;19,5505
3309,4352;21,4412;3,4055;24,4681;2,8497;17,4261;24,4681;17,4261
3349,5114;22,0399;3,3902;28,0142;2,6879;20,0739;28,0142;20,0739
3389,2942;21,9956;3,3967;27,3936;2,8101;20,5049;27,3936;20,5049
3428,4482;22,0177;3,3883;28,1028;2,7123;22,5985;28,1028;22,5985
3469,4635;23,5920;3,3533;28,9894;2,6948;20,7204;28,9894;20,7204
3508,5801;23,7916;3,3544;27,3050;2,7521;20,7512;27,3050;20,7512
3548,9392;24,1020;3,3374;28,0142;3,0852;19,8276;28,0142;19,8276
3587,8100;23,6585;3,3428;31,4716;2,6081;21,3054;31,4716;21,3054
3626,1381;23,7251;3,3457;28,7234;2,7367;19,2118;28,7234;19,2118
3665,8111;24,4568;3,3425;27,8369;2,7186;20,6589;27,8369;20,6589
3704,6640;24,6563;3,3071;32,8014;2,5595;21,7365;32,8014;21,7365
3742,2788;25,0998;3,3063;29,2553;3,1576;20,0739;29,2553;20,0739
3781,5518;24,7672;3,3069;31,2943;2,5596;21,8904;31,2943;21,8904
3821,1985;24,5011;3,3180;28,6348;2,6859;19,7968;28,6348;19,7968
3860,2728;25,5876;3,2854;29,5213;2,6799;21,2131;29,5213;21,2131
3900,5775;25,6984;3,2884;33,4220;2,5106;22,1059;33,4220;22,1059
3939,7310;25,8537;3,2875;33,7766;2,4374;23,7685;33,7766;23,7685
3980,4855;26,4967;3,2838;35,1950;2,4112;22,5985;35,1950;22,5985
4020,7274;26,7184;3,2808;34,3085;2,4765;23,2143;34,3085;23,2143
4059,4906;27,2506;3,2546;36,2589;2,3576;24,6921;36,2589;24,6921
4102,9688;26,8958;3,2757;34,7518;2,4012;25,3695;34,7518;25,3695
4144,1959;27,4945;3,2386;35,7270;2,3831;24,6921;35,7270;24,6921
4186,2812;26,9623;3,2509;36,2589;2,4358;24,1071;36,2589;24,1071
4225,7316;27,7384;3,2291;33,5106;2,4693;23,2451;33,5106;23,2451
4264,5743;27,5610;3,2533;34,4858;2,4666;24,1379;34,4858;24,1379
4305,9794;28,7583;3,2208;35,7270;2,3612;22,5369;35,7270;22,5369
4344,9914;28,1153;3,2383;37,2340;2,3877;24,8153;37,2340;24,8153
4385,2930;29,7561;3,2085;32,8901;2,4713;22,1983;32,8901;22,1983
4424,6931;28,0488;3,2407;32,9787;2,5725;22,4138;32,9787;22,4138
4463,8870;27,9601;3,2253;39,3617;2,2577;26,7549;39,3617;26,7549
4502,4036;28,8248;3,2044;39,6277;2,2804;28,2020;39,6277;28,2020
4540,9696;29,0022;3,1828;37,1454;2,4638;24,0764;37,1454;24,0764
4580,6321;29,2905;3,2165;31,2057;2,6105;20,3202;31,2057;20,3202
4621,0211;28,6253;3,1902;37,8546;2,2643;25,8313;37,8546;25,8313
4659,5339;30,0887;3,1970;38,8298;2,3526;27,0936;38,8298;27,0936
4698,2188;29,6231;3,1608;35,1064;2,5545;23,3682;35,1064;23,3682
4738,8906;29,6231;3,1935;35,2837;2,4101;23,8300;35,2837;23,8300
4778,4727;30,5765;3,1581;37,9433;2,5308;24,8153;37,9433;24,8153
4818,2646;29,8004;3,1717;37,4113;2,3273;24,7537;37,4113;24,7537
4858,1980;29,4013;3,1888;33,9539;2,5167;23,1527;33,9539;23,1527
4899,3175;30,9091;3,1612;42,1986;2,2355;28,4175;42,1986;28,4175
4938,1754;30,3991;3,1664;39,4504;2,3010;25,0616;39,4504;25,0616
4977,5234;31,2860;3,1382;38,8298;2,4455;25,4618;38,8298;25,4618
5017,4163;30,8869;3,1362;40,6915;2,1666;26,8473;40,6915;26,8473
5056,2686;32,3947;3,0934;36,7021;2,4632;23,9840;36,7021;23,9840
5095,2606;31,7738;3,1248;41,6667;2,2106;25,5234;41,6667;25,5234
5134,4737;31,1086;3,1369;36,2589;2,3194;24,8153;36,2589;24,8153
5174,0070;31,5078;3,1499;39,3617;2,2185;25,7081;39,3617;25,7081
5213,1819;31,6408;3,1280;42,1986;2,1192;27,6478;42,1986;27,6478
5253,7875;32,2616;3,1293;41,6667;2,1999;25,3079;41,6667;25,3079
5293,3101;32,4169;3,1056;41,2234;2,1678;28,3251;41,2234;28,3251
5331,7790;32,7494;3,1397;43,9716;2,1057;28,3867;43,9716;28,3867
5371,0878;34,0133;3,0881;41,4007;2,4261;27,0012;41,4007;27,0012
5411,1194;34,0355;3,0942;41,2234;2,1902;28,5099;41,2234;28,5099
5451,0169;32,4612;3,1059;37,3227;2,3753;24,5690;37,3227;24,5690
5491,5614;32,9933;3,1031;40,5142;2,2067;27,3091;40,5142;27,3091
5530,1879;33,8359;3,0906;34,3085;2,4701;23,2143;34,3085;23,2143
5570,7161;33,8137;3,1050;45,8333;2,0407;30,2032;45,8333;30,2032
5609,7915;35,0998;3,0513;43,9716;2,1144;27,2475;43,9716;27,2475
5652,6116;35,2550;3,0742;43,8830;2,1150;30,0493;43,8830;30,0493
5693,9533;34,5676;3,0396;36,8794;2,4784;25,0000;36,8794;25,0000
5732,8949;34,3459;3,0621;44,4149;2,1423;27,6170;44,4149;27,6170
5774,0335;34,8780;3,0571;39,0957;2,3165;27,6786;39,0957;27,6786
5812,3677;34,6120;3,0571;43,6170;2,1077;29,5874;43,6170;29,5874
5850,5437;34,2350;3,0735;43,1738;2,2011;28,3559;43,1738;28,3559
5889,7637;34,8780;3,0232;46,4539;1,9662;30,2648;46,4539;30,2648
5928,6293;33,9024;3,0552;39,7163;2,2924;26,0160;39,7163;26,0160
5968,4161;35,0111;3,0561;45,6560;1,9752;30,9113;45,6560;30,9113
6007,4354;36,3193;3,0272;43,7057;2,4721;30,8190;43,7057;30,8190
6046,3449;35,7650;3,0241;44,8582;2,0479;27,2167;44,8582;27,2167
6085,2003;36,8514;3,0259;47,1631;1,9624;29,4643;47,1631;29,4643
6124,2446;36,4080;2,9932;45,2128;2,0263;29,5874;45,2128;29,5874
6163,3132;35,6984;3,0322;43,8830;2,0257;29,0640;43,8830;29,0640
6201,6563;37,2062;3,0158;47,5177;2,0230;30,7574;47,5177;30,7574
6240,1025;37,0067;3,0112;44,3262;2,1662;27,1860;44,3262;27,1860
6279,7495;37,9379;2,9851;46,8085;1,9673;31,8042;46,8085;31,8042
6318,7275;36,1863;3,0202;46,4539;1,9867;30,2648;46,4539;30,2648
6357,8304;37,8714;2,9829;42,4645;2,2256;25,9236;42,4645;25,9236
6397,8990;36,6962;3,0122;46,4539;1,9536;31,7118;46,4539;31,7118
6437,4779;37,3171;2,9884;44,5035;2,0510;28,4483;44,5035;28,4483
6476,5103;37,0732;3,0024;47,5177;2,0223;28,8793;47,5177;28,8793
6516,8856;37,9379;2,9927;49,0248;1,8949;31,5271;49,0248;31,5271
6555,7071;36,9623;3,0230;49,6454;1,8601;32,6970;49,6454;32,6970
6594,4626;37,5831;2,9958;49,4681;1,9200;30,7882;49,4681;30,7882
6636,2045;37,7384;2,9784;47,9610;2,0009;31,3116;47,9610;31,3116
6675,9935;37,4945;2,9942;44,0603;2,1039;28,7562;44,0603;28,7562
6716,6506;39,1574;2,9656;48,9362;1,9155;31,9273;48,9362;31,9273
6757,1085;37,8049;3,0025;47,4291;2,0874;30,7882;47,4291;30,7882
6796,3160;38,1818;2,9759;47,3404;2,0649;30,2956;47,3404;30,2956
6835,9332;38,1818;2,9822;45,8333;2,0624;29,3103;45,8333;29,3103
6875,1297;38,6475;2,9463;44,1489;2,0016;27,1552;44,1489;27,1552
6915,8567;39,4235;2,9487;41,8440;2,6023;27,7094;41,8440;27,7094
6954,2844;38,2927;2,9842;44,8582;1,9809;29,7414;44,8582;29,7414
6994,0366;39,1796;2,9393;48,5816;1,8893;32,5431;48,5816;32,5431
7033,7129;39,2018;2,9618;47,7837;1,9189;29,9877;47,7837;29,9877
7073,3456;39,1796;2,9580;48,5816;1,9055;30,4495;48,5816;30,4495
7116,0643;39,7561;2,9696;44,0603;2,1442;25,6773;44,0603;25,6773
7157,6226;39,7561;2,9347;45,6560;2,0525;30,9113;45,6560;30,9113
7197,3376;40,0000;2,9556;47,4291;1,9515;31,4347;47,4291;31,4347
7237,9849;38,4479;2,9565;49,8227;1,8671;30,2340;49,8227;30,2340
7279,9406;41,3082;2,9231;49,6454;1,9546;30,4495;49,6454;30,4495
7319,2730;40,4656;2,9417;44,0603;2,1137;27,5246;44,0603;27,5246
7359,1938;40,5100;2,8834;49,6454;1,7692;31,3732;49,6454;31,3732
7400,4714;40,5987;2,9145;45,0355;2,0574;28,7562;45,0355;28,7562
7442,4639;41,7073;2,8482;47,3404;1,8823;29,0025;47,3404;29,0025
7483,0221;41,0421;2,8959;47,5177;1,8955;30,6034;47,5177;30,6034
7523,1570;40,1552;2,9302;49,2021;1,8427;33,5591;49,2021;33,5591
7564,0880;42,0399;2,8818;46,4539;1,9417;32,5123;46,4539;32,5123
7604,9192;41,0865;2,9155;48,5816;1,8441;30,0185;48,5816;30,0185
7647,4038;42,8160;2,8805;50,8865;1,7702;32,8818;50,8865;32,8818
7687,5930;41,9956;2,8697;51,3298;1,7959;32,5739;51,3298;32,5739
7725,4812;41,0643;2,9131;49,1135;1,8914;29,8645;49,1135;29,8645
7766,3538;40,9756;2,8851;49,4681;1,9021;32,9126;49,4681;32,9126
7807,2414;42,4612;2,8783;47,9610;1,9084;30,2340;47,9610;30,2340
7846,9931;41,5743;2,8865;49,7340;1,8679;32,8818;49,7340;32,8818
7886,6773;43,2816;2,8461;53,1028;1,7415;32,0197;53,1028;32,0197
7926,4137;42,5499;2,8423;50,0887;1,7956;32,0505;50,0887;32,0505
7965,7285;42,6164;2,8885;50,6206;1,8064;33,2512;50,6206;33,2512
8005,3573;42,8160;2,8528;52,2163;1,7833;31,8658;52,2163;31,8658
8046,4359;43,0599;2,8641;50,3546;1,7893;32,3892;50,3546;32,3892
8088,6955;41,8625;2,8816;52,0390;1,7924;32,9126;52,0390;32,9126
8130,2695;42,9490;2,8896;51,3298;1,7953;32,3892;51,3298;32,3892
8171,2700;43,0820;2,8635;50,9752;1,8097;32,9741;50,9752;32,9741
8212,5846;44,1242;2,8535;53,5461;1,7043;35,1909;53,5461;35,1909
8252,6191;42,0177;2,8838;51,5957;1,7771;34,0517;51,5957;34,0517
8293,5437;43,8137;2,8318;52,8369;1,7122;33,3128;52,8369;33,3128
8333,9045;42,4834;2,8657;48,1383;1,9131;31,2192;48,1383;31,2192
8373,2329;42,9490;2,8813;52,4823;1,7676;32,5431;52,4823;32,5431
8413,3024;43,6142;2,8357;50,2660;1,8128;33,8362;50,2660;33,8362
8454,0844;44,5676;2,8127;50,0000;1,8941;32,1429;50,0000;32,1429
8492,5865;43,5033;2,8460;50,9752;1,8201;32,1429;50,9752;32,1429
8534,5911;43,7251;2,8405;53,4574;1,7077;33,8978;53,4574;33,8978
8575,9008;44,3459;2,8026;53,6348;1,6518;34,6675;53,6348;34,6675
8617,1905;44,9667;2,8153;52,3936;1,7584;33,4052;52,3936;33,4052
8659,4803;45,7650;2,8252;52,2163;1,6919;33,1897;52,2163;33,1897
8699,3868;45,1885;2,7977;53,4574;1,7116;32,6047;53,4574;32,6047
8741,3254;44,3237;2,8431;49,7340;1,9457;31,2192;49,7340;31,2192
8782,7572;45,5654;2,7952;50,7092;1,8552;35,7143;50,7092;35,7143
8822,5081;46,2528;2,7841;54,4326;1,7013;33,7746;54,4326;33,7746
8862,1715;45,9645;2,8043;51,8617;1,7690;33,1589;51,8617;33,1589
8901,1563;45,2106;2,8134;54,5213;1,6587;33,5283;54,5213;33,5283
8942,2169;46,0089;2,8127;50,4433;1,8986;33,7746;50,4433;33,7746
8983,8769;45,7206;2,7931;54,4326;1,6796;33,9286;54,4326;33,9286
9023,5611;44,2350;2,7925;55,4078;1,6897;34,3288;55,4078;34,3288
9062,3266;46,2528;2,7642;53,5461;1,7367;32,9126;53,5461;32,9126
9103,5061;46,7406;2,7807;55,4078;1,6313;35,6527;55,4078;35,6527
9146,0946;45,8537;2,8023;56,5603;1,6263;34,7291;56,5603;34,7291
9185,6193;44,4789;2,8628;54,8759;1,6518;35,0985;54,8759;35,0985
9228,3928;47,0732;2,7676;53,9894;1,7188;34,2365;53,9894;34,2365
9268,8509;47,0067;2,7875;56,1170;1,6444;34,1749;56,1170;34,1749
9311,2287;47,0067;2,7960;53,0142;1,7200;32,9741;53,0142;32,9741
9353,5909;47,3836;2,7991;53,2801;1,7080;33,3436;53,2801;33,3436
9396,3185;46,6962;2,7963;55,7624;1,7069;36,5764;55,7624;36,5764
9437,8005;46,8736;2,7523;55,1418;1,6948;35,5603;55,1418;35,5603
9478,3683;46,2528;2,8124;55,8511;1,6830;35,4372;55,8511;35,4372
9518,6712;46,1197;2,7458;57,3582;1,6071;36,1453;57,3582;36,1453
9556,8737;46,4302;2,8127;56,0284;1,7447;33,4360;56,0284;33,4360
9597,8127;45,7650;2,7699;53,9894;1,6912;34,1133;53,9894;34,1133
9638,4445;47,2949;2,7488;55,0532;1,6395;35,1293;55,0532;35,1293
9676,0200;47,3614;2,7748;52,3936;1,7824;34,5135;52,3936;34,5135
9714,8202;47,7827;2,7508;53,4574;1,7187;35,2217;53,4574;35,2217
9754,3226;48,4257;2,7513;56,0284;1,6961;35,0369;56,0284;35,0369
9793,3391;47,5610;2,7288;56,2057;1,6549;34,1441;56,2057;34,1441
9832,0825;48,3370;2,7568;52,6596;1,8881;33,8670;52,6596;33,8670
9870,7719;48,9135;2,7299;56,1170;1,6203;34,1133;56,1170;34,1133
9910,1866;47,4058;2,7548;54,2553;1,6270;34,7291;54,2553;34,7291
9951,2455;48,5366;2,7137;57,1809;1,6065;35,0369;57,1809;35,0369
9990,1776;48,6475;2,7126;58,4220;1,5785;35,5603;58,4220;35,5603
10029,3506;47,2284;2,7465;58,5106;1,5829;37,9926;58,5106;37,9926
10073,8549;49,0244;2,7348;54,6986;1,7180;33,3744;54,6986;33,3744
10114,7371;49,6231;2,7068;54,0780;1,6897;35,1293;54,0780;35,1293
10155,8991;48,6918;2,7756;55,6738;1,6709;35,4680;55,6738;35,4680
10198,1671;48,5366;2,7162;58,0674;1,5885;35,7143;58,0674;35,7143
10237,6482;46,5632;2,7666;55,6738;1,5829;34,6367;55,6738;34,6367
10277,2153;49,3126;2,7119;54,6986;1,6657;34,1749;54,6986;34,1749
10317,8880;49,5565;2,7152;54,7872;1,6619;33,2820;54,7872;33,2820
10358,6608;48,6475;2,7372;57,7128;1,6038;35,4680;57,7128;35,4680
10400,8555;51,0200;2,6726;57,5355;1,5360;36,2993;57,5355;36,2993
10440,8234;49,3126;2,7177;58,5993;1,5465;36,7611;58,5993;36,7611
10481,1148;49,2018;2,7126;57,2695;1,6046;35,9606;57,2695;35,9606
10522,9698;50,1552;2,7424;56,7376;1,5907;34,4520;56,7376;34,4520
10563,5207;49,2461;2,6962;57,8014;1,5497;35,9914;57,8014;35,9914
10603,8602;50,8426;2,6701;56,9149;1,5687;35,6527;56,9149;35,6527
10642,6762;50,3326;2,7211;58,1560;1,4904;37,2229;58,1560;37,2229
10682,4502;50,1330;2,7173;57,2695;1,5995;34,0517;57,2695;34,0517
10722,5437;49,6452;2,6966;55,8511;1,6470;35,4372;55,8511;35,4372
10762,1356;50,6208;2,6826;60,5496;1,4978;39,1933;60,5496;39,1933
10801,1638;51,3747;2,6575;58,7766;1,5308;36,0222;58,7766;36,0222
10841,0798;49,9335;2,6846;57,4468;1,5563;36,7919;57,4468;36,7919
10880,3255;50,2661;2,6989;58,7766;1,5028;37,2845;58,7766;37,2845
10919,7045;51,0421;2,6736;56,9149;1,6393;37,1613;56,9149;37,1613
10959,0526;51,9069;2,6393;57,0035;1,6082;35,1601;57,0035;35,1601
10999,1739;50,4213;2,6945;58,6879;1,5329;37,3461;58,6879;37,3461
11039,3000;51,4191;2,6517;56,5603;1,6775;35,0985;56,5603;35,0985
11080,1663;51,9069;2,6420;59,3085;1,4877;36,8842;59,3085;36,8842
11121,0869;51,7960;2,6873;57,4468;1,5845;36,4840;57,4468;36,4840
11160,9146;51,6186;2,6888;57,7128;1,5801;38,5160;57,7128;38,5160
11201,3705;51,0865;2,6675;59,5745;1,5353;35,3756;59,5745;35,3756
11242,0420;51,4412;2,6551;61,8794;1,4842;37,1305;61,8794;37,1305
11283,4717;52,4169;2,6578;58,1560;1,5529;38,0542;58,1560;38,0542
11324,7932;51,9290;2,6635;60,8156;1,5172;37,2537;60,8156;37,2537
11365,3011;50,7095;2,6975;59,9291;1,4657;38,9163;59,9291;38,9163
11407,6257;51,7960;2,6579;60,1950;1,5126;37,3461;60,1950;37,3461
11447,1975;51,6851;2,6836;59,0426;1,5869;37,2229;59,0426;37,2229
11486,1684;52,0843;2,6221;60,1064;1,5212;38,4544;60,1064;38,4544
11525,0780;52,3060;2,6840;57,8901;1,6060;35,5911;57,8901;35,5911
11566,5642;52,5721;2,6497;60,9043;1,4378;37,9618;60,9043;37,9618
11607,3355;51,7295;2,6893;60,8156;1,4441;37,7771;60,8156;37,7771
11649,8818;52,3725;2,6133;58,2447;1,5807;37,4692;58,2447;37,4692
11690,1627;53,1042;2,6714;60,5496;1,4757;38,5776;60,5496;38,5776
11730,0882;53,7029;2,6180;58,4220;1,5304;36,6687;58,4220;36,6687
11769,5003;53,0599;2,6191;60,1064;1,4781;37,3153;60,1064;37,3153
11809,8527;54,9446;2,6013;57,9787;1,5447;37,4384;57,9787;37,4384
11852,6070;52,1508;2,7183;59,0426;1,5574;38,3005;59,0426;38,3005
11894,0619;51,0643;2,6658;59,0426;1,5337;37,8695;59,0426;37,8695
11934,4835;53,2151;2,6565;59,4858;1,5599;37,5308;59,4858;37,5308
11975,4271;53,1486;2,6515;60,1064;1,4649;37,5616;60,1064;37,5616
12013,7139;54,5676;2,5868;60,9929;1,4927;38,6392;60,9929;38,6392
12053,9849;55,1441;2,5962;60,9929;1,4806;38,3005;60,9929;38,3005
12093,8710;54,0133;2,6004;61,9681;1,4715;38,2081;61,9681;38,2081
12134,5752;54,0576;2,6093;60,4610;1,4736;38,9163;60,4610;38,9163
12174,9306;55,2993;2,5916;59,2199;1,5391;38,2081;59,2199;38,2081
12215,9626;55,6763;2,5417;61,1702;1,5040;37,5616;61,1702;37,5616
12255,9907;54,7894;2,6024;60,1950;1,4815;37,0690;60,1950;37,0690
12296,4186;53,3038;2,5897;61,7908;1,4813;39,1010;61,7908;39,1010
12336,8783;54,7672;2,5827;61,5248;1,4405;39,5320;61,5248;39,5320
12379,3011;54,5676;2,6092;60,9043;1,4549;38,4236;60,9043;38,4236
12418,8456;55,2106;2,5970;61,7021;1,4457;39,4704;61,7021;39,4704
12460,1429;54,6563;2,6144;59,3085;1,5634;35,1909;59,3085;35,1909
12501,6802;54,9667;2,5564;62,0567;1,4424;38,5468;62,0567;38,5468
12544,8910;55,8093;2,5922;62,6773;1,4645;39,0702;62,6773;39,0702
12584,1539;54,6785;2,5855;60,8156;1,4256;37,9002;60,8156;37,9002
12624,8118;55,5432;2,5627;62,6773;1,4522;37,3461;62,6773;37,3461
12665,0694;54,9002;2,5995;62,9433;1,4245;38,1158;62,9433;38,1158
12705,2036;55,5432;2,5717;62,4113;1,4575;38,6700;62,4113;38,6700
12747,4878;56,2084;2,5925;63,0319;1,3862;39,8091;63,0319;39,8091
12786,8844;55,7206;2,5965;63,4752;1,4038;39,2241;63,4752;39,2241
12826,2484;56,2306;2,5733;62,7660;1,4008;39,0702;62,7660;39,0702
12866,7215;56,9845;2,5577;61,5248;1,4011;38,5160;61,5248;38,5160
12906,2319;56,4302;2,5643;61,0816;1,4666;38,7931;61,0816;38,7931
12946,4797;55,9867;2,5630;61,5248;1,4888;36,8534;61,5248;36,8534
12988,9119;56,6962;2,5670;62,9433;1,4494;37,6539;62,9433;37,6539
13028,6204;56,4523;2,5819;62,5887;1,4539;39,5012;62,5887;39,5012
13067,3156;56,8514;2,5111;62,8546;1,4135;38,4236;62,8546;38,4236
13106,3898;56,0310;2,6094;62,4113;1,4286;39,6860;62,4113;39,6860
13146,7017;55,5876;2,5612;62,5887;1,4194;39,3165;62,5887;39,3165
13185,6772;55,9867;2,6105;62,4113;1,4067;39,6244;62,4113;39,6244
13227,0553;55,5654;2,6134;62,1454;1,4361;38,9470;62,1454;38,9470
13268,1307;55,4767;2,5788;64,1844;1,3957;39,9323;64,1844;39,9323
13306,2592;56,5632;2,5410;63,8298;1,3848;38,7315;63,8298;38,7315
13345,8831;57,7605;2,5709;63,1206;1,4096;40,2094;63,1206;40,2094
13385,6300;57,6053;2,5766;64,7163;1,3976;38,8547;64,7163;38,8547
13424,5566;57,6053;2,5387;63,2979;1,4357;39,5936;63,2979;39,5936
13465,1755;56,3858;2,5620;62,7660;1,3701;39,2857;62,7660;39,2857
13505,5181;57,8271;2,5340;62,5887;1,3914;40,1478;62,5887;40,1478
13546,7538;57,1619;2,5495;63,6525;1,3658;39,7475;63,6525;39,7475
13585,6768;57,0067;2,5509;64,7163;1,3906;39,4089;64,7163;39,4089
13624,9715;57,4945;2,5401;62,7660;1,4142;40,2709;62,7660;40,2709
13664,3980;58,0044;2,5117;63,6525;1,4132;38,9163;63,6525;38,9163
13703,4553;58,1596;2,4981;64,0071;1,3918;40,3325;64,0071;40,3325
13742,6062;57,8714;2,5517;64,6277;1,3918;41,0099;64,6277;41,0099
13782,7841;57,8714;2,5330;63,4752;1,4373;39,6552;63,4752;39,6552
13823,4064;58,3814;2,5098;63,8298;1,4071;40,1478;63,8298;40,1478
13864,1598;57,9601;2,5270;64,8050;1,3531;39,8707;64,8050;39,8707
13902,9515;58,6031;2,5461;63,4752;1,4137;39,4704;63,4752;39,4704
13943,4284;59,4013;2,5067;65,2482;1,3570;40,6712;65,2482;40,6712
13983,3501;57,3392;2,5664;63,1206;1,3991;39,6552;63,1206;39,6552
14026,2244;59,3348;2,5289;64,0071;1,3721;40,8867;64,0071;40,8867
14064,7871;57,7162;2,5263;64,6277;1,3500;40,7943;64,6277;40,7943
14103,6517;58,6475;2,4863;64,1844;1,3939;40,2709;64,1844;40,2709
14142,5873;59,9335;2,4948;65,0709;1,3449;40,9791;65,0709;40,9791
14182,1036;59,4013;2,5156;65,3369;1,3735;39,4704;65,3369;39,4704
14220,1265;59,4678;2,4913;64,5390;1,3470;40,1478;64,5390;40,1478
14259,2278;59,3348;2,4904;64,0071;1,3691;38,9470;64,0071;38,9470
14299,4540;58,4257;2,5085;64,2730;1,3640;40,1786;64,2730;40,1786
14338,7288;59,1574;2,5044;62,8546;1,3891;39,9015;62,8546;39,9015
14378,1351;58,5588;2,5161;63,2979;1,3517;40,1786;63,2979;40,1786
14417,6246;61,2860;2,4804;65,2482;1,3462;41,0099;65,2482;41,0099
14456,9692;60,8869;2,4869;63,5638;1,3365;39,9938;63,5638;39,9938
14496,4437;59,8226;2,4924;64,8936;1,4013;40,2709;64,8936;40,2709
14535,5167;60,5543;2,4400;65,0709;1,3277;40,1170;65,0709;40,1170
14574,2555;59,8670;2,5046;64,5390;1,3724;40,2709;64,5390;40,2709
14613,6957;59,8004;2,4734;65,6028;1,2993;40,9483;65,6028;40,9483
14652,4041;60,6652;2,4766;63,9184;1,3614;39,7167;63,9184;39,7167
14691,6072;59,5787;2,4550;64,8936;1,3314;40,2094;64,8936;40,2094
14729,6992;61,0865;2,4565;65,5142;1,3293;40,1170;65,5142;40,1170
14769,5462;60,0665;2,4762;64,8936;1,3522;39,9015;64,8936;39,9015
14809,1879;60,7539;2,4876;66,0461;1,3219;41,4101;66,0461;41,4101
14848,8391;61,0200;2,4723;65,2482;1,3388;40,4557;65,2482;40,4557
14888,8443;61,7517;2,4204;64,2730;1,3362;41,3793;64,2730;41,3793
14927,7366;60,2439;2,4397;65,0709;1,3678;40,4557;65,0709;40,4557
14968,7093;60,6208;2,4737;65,1596;1,3657;40,4557;65,1596;40,4557
15009,1536;61,0643;2,4927;64,8936;1,3891;41,2869;64,8936;41,2869
15049,1194;60,0887;2,5137;64,5390;1,3905;40,6404;64,5390;40,6404
15089,5029;60,6430;2,4701;63,8298;1,3507;40,6712;63,8298;40,6712
15129,1113;60,5543;2,4528;66,3121;1,3001;41,4101;66,3121;41,4101
15167,1552;62,6608;2,4191;65,6028;1,3484;41,8411;65,6028;41,8411
15205,8457;60,5987;2,4566;65,7801;1,3166;41,5333;65,7801;41,5333
15244,7183;61,2639;2,4615;65,2482;1,3544;40,9175;65,2482;40,9175
15283,7074;62,1729;2,4416;64,8936;1,3627;41,4717;64,8936;41,4717
15322,5781;61,1308;2,4671;65,2482;1,3393;40,7020;65,2482;40,7020
15361,2037;61,9956;2,4193;64,8050;1,3382;41,7796;64,8050;41,7796
15399,0802;61,6630;2,4456;66,0461;1,3476;40,0554;66,0461;40,0554
15438,5842;62,1729;2,3936;65,5142;1,3182;40,7020;65,5142;40,7020
15478,9567;60,7982;2,4703;65,9574;1,3323;40,7328;65,9574;40,7328
15521,1015;63,5920;2,3972;66,5780;1,3043;40,9175;66,5780;40,9175
15561,4171;61,7073;2,4462;65,6028;1,3346;40,9791;65,6028;40,9791
15600,7985;61,9734;2,4213;64,8050;1,3093;41,2254;64,8050;41,2254
15639,5934;60,5100;2,5198;65,8688;1,3020;41,6564;65,8688;41,6564
15680,3416;63,3481;2,4101;65,6915;1,3264;41,5640;65,6915;41,5640
15722,3847;62,5277;2,4270;65,6028;1,3315;40,3941;65,6028;40,3941
15766,1826;61,1308;2,4666;66,2234;1,3071;41,9027;66,2234;41,9027
15804,6791;63,6364;2,4270;66,2234;1,3315;41,1330;66,2234;41,1330
15844,4895;62,3282;2,4421;65,8688;1,3388;41,3793;65,8688;41,3793
15883,2204;62,6164;2,4747;65,7801;1,3295;41,0406;65,7801;41,0406
15923,7072;62,7494;2,4321;66,9326;1,3109;41,1638;66,9326;41,1638
15962,4606;62,8825;2,4298;65,9574;1,3308;41,7488;65,9574;41,7488
16002,3473;62,5277;2,4058;65,8688;1,3216;41,1946;65,8688;41,1946
16057,9916;63,2373;2,4384;66,2234;1,3166;40,8867;66,2234;40,8867
16114,9242;62,8381;2,4208;65,5142;1,3299;40,8559;65,1596;41,2869
16170,1688;62,5499;2,4388;64,9823;1,3677;39,5012;66,4007;40,7943
16227,3743;62,7051;2,4203;65,9574;1,3287;40,9791;64,6277;39,7783
16280,5688;62,0177;2,4344;63,9184;1,3803;40,2094;64,1844;40,8559
16336,3210;61,9956;2,4611;64,0957;1,3864;40,3633;65,6028;40,1170
16392,4816;60,3326;2,4625;65,0709;1,3530;41,2562;65,8688;41,3485
16449,1208;61,1752;2,4792;63,8298;1,3567;40,2401;65,5142;39,8399
16504,3140;60,7761;2,4661;63,7411;1,4032;39,5936;65,8688;41,4409
16558,2822;61,9069;2,4827;64,8050;1,3950;41,1022;65,8688;41,5333
16612,6511;61,0865;2,4697;64,0071;1,4386;40,5480;65,4255;40,5788
16667,2485;61,2639;2,4692;64,8936;1,3921;41,2254;65,1596;40,3941
16722,8140;60,7539;2,4710;64,2730;1,4035;38,9470;63,7411;41,1330
16777,6856;60,7982;2,4786;64,9823;1,3754;40,7020;64,8050;40,1170
16832,3131;62,0177;2,4218;63,2979;1,3792;40,2094;65,4255;40,9175
16887,5687;60,4213;2,4423;64,0957;1,3942;39,9323;65,8688;41,3177
16944,4315;60,9978;2,4741;64,3617;1,3675;40,1170;63,6525;40,8559
16999,5830;61,4856;2,4402;65,1596;1,3578;40,8559;64,0957;40,2401
17056,2715;62,0843;2,4420;63,7411;1,4182;40,2401;64,1844;38,5468
17110,7114;61,5299;2,4687;65,7801;1,3658;40,7020;65,2482;40,7328
17164,3894;61,9290;2,4294;64,4504;1,3501;40,9483;64,8936;40,9175
17221,7229;61,3747;2,4320;64,0071;1,3808;40,8559;63,5638;40,1786
17278,7344;61,3304;2,4628;64,8936;1,3638;40,8251;64,8050;41,3793
17333,8819;61,7960;2,4360;64,6277;1,3631;40,4865;63,0319;40,1170
17390,5386;61,7073;2,4319;65,7801;1,3383;40,1786;65,3369;40,7635
17448,4123;60,6208;2,4621;63,2979;1,4399;39,4704;62,7660;40,5480
17504,3242;61,3082;2,4771;63,8298;1,4173;40,3325;62,0567;39,5012
17559,1345;61,7517;2,4544;64,0957;1,4172;39,5936;64,3617;39,9631
17613,9475;62,1729;2,4365;65,9574;1,3923;40,9791;63,3865;40,1478
17668,9171;59,8004;2,4603;64,6277;1,4229;39,9938;63,2979;41,0714
17725,3589;59,7561;2,5558;63,5638;1,4061;39,6552;62,6773;41,3177
17785,9248;60,5765;2,4709;65,0709;1,3958;41,0714;63,8298;41,9643
17841,0235;61,2639;2,4721;65,8688;1,3360;40,4865;62,9433;40,5172
17895,7591;59,6009;2,4818;65,1596;1,3524;40,3941;62,3227;40,7635
17952,7084;60,3991;2,4918;65,4255;1,3709;40,8251;59,2199;38,7623
18009,0276;61,4634;2,4648;65,8688;1,3599;41,0714;60,9043;39,2549
18064,9994;61,8625;2,4635;65,7801;1,3781;40,5172;62,5887;41,0714
18121,0435;61,3525;2,4824;63,5638;1,4122;39,5628;62,8546;41,4717
18175,7204;62,1508;2,4479;64,0071;1,3758;40,6404;61,7021;39,8091
18231,2482;61,9956;2,3896;65,8688;1,3475;41,4717;62,6773;41,0714
18286,1582;60,5322;2,4605;65,5142;1,3677;38,7931;61,9681;40,0554
18342,0632;60,8869;2,4726;63,2979;1,3977;39,2857;59,3972;39,6244
18397,7652;62,2173;2,4378;64,2730;1,4019;40,2709;59,8404;39,3165
18454,1884;60,7761;2,4523;64,4504;1,3897;40,3017;58,6879;38,9778
18509,7034;61,3969;2,4648;64,4504;1,3803;40,0862;59,7518;39,3781
18566,9740;62,0621;2,4125;64,9823;1,3797;41,4409;60,1064;40,0554
18622,1379;61,8404;2,4322;64,9823;1,3633;42,3030;61,4362;40,1786
18677,7007;62,0177;2,4566;64,8050;1,4041;40,4557;62,8546;40,5480
18733,2978;62,6829;2,4153;65,6915;1,3804;40,7943;59,3972;39,5936
18789,2755;61,7295;2,4333;65,0709;1,3805;41,8719;59,9291;39,7475
18843,6717;62,0621;2,4072;65,1596;1,3629;41,7180;63,4752;41,4717
18898,2955;61,2417;2,5025;64,8050;1,3842;40,1478;60,4610;40,1478
18955,8645;61,8182;2,4341;64,6277;1,3902;41,2254;58,4220;37,9926
19013,6608;62,4169;2,4628;63,9184;1,3887;40,2094;58,0674;38,1158
19067,5168;62,9047;2,3799;65,6915;1,3780;40,7943;59,9291;38,6700
19124,4334;61,6408;2,4809;64,2730;1,3919;40,4249;56,7376;36,1453
19182,4387;63,7694;2,4107;63,2979;1,4451;39,2857;53,8121;35,1909
19237,5247;62,6164;2,4418;65,6028;1,3747;41,8411;57,8901;38,6700
19293,7817;62,6608;2,4115;63,9184;1,3577;41,1022;57,4468;37,1305
19351,0208;63,2594;2,3906;65,6915;1,3659;41,2869;57,1809;36,7919
19407,4320;61,9956;2,4345;64,0957;1,3926;40,4557;54,0780;34,0825
19463,8268;60,4435;2,4884;65,5142;1,3832;40,3017;55,7624;36,1145
19521,5067;61,2860;2,4539;63,2092;1,4473;40,4557;58,2447;37,5924
19578,0850;61,4412;2,4315;65,7801;1,3629;39,6244;56,5603;36,1145
19635,0952;63,0377;2,4393;66,4007;1,3590;40,6096;53,0142;34,3288
19688,7599;61,6408;2,4124;65,7801;1,3876;40,4865;54,2553;35,4988
19743,2841;62,3725;2,4344;65,3369;1,4022;41,1946;52,5709;34,8522
19797,5552;61,5965;2,4393;62,6773;1,4190;38,3313;53,1915;34,4212
19852,2970;62,2616;2,4189;64,1844;1,3862;40,2401;54,6099;35,4064
19907,2160;62,3282;2,4425;63,4752;1,4108;40,7328;56,6489;36,1761
19963,7955;62,6608;2,3899;64,4504;1,3519;41,3793;53,9007;35,4988
20019,1129;63,3259;2,4144;64,8050;1,4004;40,6096;51,9504;33,8978
20073,9860;63,3259;2,4120;66,0461;1,3750;40,5788;48,3156;33,1897
20128,9572;62,7494;2,4018;64,4504;1,4279;39,0702;51,6844;35,0062
20183,5318;62,6164;2,4474;64,8936;1,3878;39,8091;49,9113;33,1897
20237,6567;62,3947;2,4624;64,6277;1,4522;40,7020;50,7092;33,8978
20292,1874;62,5721;2,4290;65,0709;1,4163;40,8867;51,4184;33,2512
20347,0758;62,2616;2,4347;65,5142;1,3933;40,3633;50,3546;33,1281
20401,9994;63,3259;2,4365;65,3369;1,4122;39,8707;46,4539;30,8805
20455,9378;62,3060;2,4365;64,2730;1,3894;40,6404;49,8227;32,3584
20510,6758;61,3082;2,4842;63,7411;1,4093;39,4397;45,5674;31,1268
20564,9362;63,8581;2,4054;65,9574;1,3672;40,2401;47,3404;32,0197
20621,9623;63,0599;2,4131;65,0709;1,3910;40,9483;50,5319;33,8362
20680,0523;61,8182;2,4629;65,5142;1,4096;39,8707;49,1135;32,6355
20735,4106;62,3725;2,4293;65,8688;1,3749;40,8559;48,0496;32,2968
20789,9723;61,9956;2,5035;64,4504;1,4124;39,3165;42,9965;29,8953
20848,6966;63,5255;2,3973;64,5390;1,4219;40,4249;41,4894;29,1256
20904,9049;63,1264;2,4088;65,0709;1,3599;39,8399;43,2624;28,9101
20959,6120;62,6386;2,4403;64,0957;1,3967;39,8091;41,5780;27,7401
21014,0049;62,6829;2,4093;65,4255;1,3909;40,6096;43,7943;29,1872
21068,8230;63,1486;2,4383;64,8936;1,4147;40,8559;40,8688;29,5567
21123,4616;62,1951;2,4416;65,5142;1,4109;39,6244;46,0106;31,0345
21177,9824;63,6142;2,4144;66,7553;1,3455;41,3177;42,4645;29,0948
21231,8233;63,6807;2,3891;63,9184;1,3892;40,2709;47,1631;30,3571
21288,2724;61,5299;2,4776;64,2730;1,4381;39,1010;44,7695;29,9877
21343,1297;63,7694;2,4046;65,6028;1,3872;40,9483;42,7305;28,2943
21398,2771;63,5033;2,4082;64,6277;1,3959;40,9791;42,4645;28,6638
21453,4012;62,3282;2,4420;63,5638;1,4550;39,0702;41,3121;28,0788
21508,2615;63,2816;2,4365;64,8936;1,4072;40,4557;42,0213;28,7869
